"AverageShortestPathLength","BetweennessCentrality","ClosenessCentrality","ClusteringCoefficient","Degree","Eccentricity","IsSingleNode","name","NeighborhoodConnectivity","NumberOfDirectedEdges","NumberOfUndirectedEdges","PartnerOfMultiEdgedNodePairs","Radiality","selected","SelfLoops","shared name","Stress","TopologicalCoefficient"
"3.7475728155339807","0.011509879797597971","0.266839378238342","0.16666666666666666","4","9","false","A1CF","7.0","0","4","0","0.9141383495145631","false","0","A1CF","1962","0.34210526315789475"
"4.742718446601942","0.0","0.21084953940634593","0.0","1","10","false","CLMN","4.0","0","1","0","0.8830400485436893","false","0","CLMN","0","0.0"
"3.2572815533980584","0.014259265848895808","0.30700447093889716","0.4642857142857143","8","8","false","PCK1","9.25","0","8","0","0.9294599514563107","false","0","PCK1","3154","0.22560975609756098"
"3.796116504854369","0.0038317728053120113","0.26342710997442453","0.0","3","8","false","SLC17A4","7.0","0","3","0","0.912621359223301","false","0","SLC17A4","790","0.35294117647058826"
"2.878640776699029","0.10039015554512637","0.3473861720067454","0.18333333333333332","16","8","false","NR1H4","10.1875","0","16","0","0.9412924757281553","false","0","NR1H4","21540","0.12734375"
"2.936893203883495","0.039152373029203456","0.3404958677685951","0.3333333333333333","10","7","false","ABCB1","12.8","0","10","0","0.9394720873786407","false","0","ABCB1","10690","0.1855072463768116"
"2.8689320388349513","0.06372872107536587","0.34856175972927245","0.16483516483516483","14","7","false","ABCG2","9.571428571428571","0","14","0","0.9415958737864077","false","0","ABCG2","14554","0.1317907444668008"
"3.5097087378640777","0.010937305038891017","0.28492392807745504","0.2","6","8","false","SLC22A5","6.833333333333333","0","6","0","0.9215716019417476","false","0","SLC22A5","2012","0.2564102564102564"
"3.3689320388349513","0.01546071001985724","0.2968299711815562","0.3","5","7","false","SLC7A11","10.8","0","5","0","0.9259708737864077","false","0","SLC7A11","2348","0.24"
"3.0679611650485437","0.029262763033274054","0.3259493670886076","0.2","11","8","false","UGT1A8","11.181818181818182","0","11","0","0.935376213592233","false","0","UGT1A8","10988","0.21328671328671328"
"3.2572815533980584","0.01664821799185783","0.30700447093889716","0.42424242424242425","12","8","false","UGT1A9","10.666666666666666","0","12","0","0.9294599514563107","false","0","UGT1A9","6082","0.24806201550387597"
"3.616504854368932","0.0023641919858749813","0.276510067114094","0.4642857142857143","8","8","false","UGT1A4","11.0","0","8","0","0.9182342233009708","false","0","UGT1A4","1454","0.39285714285714285"
"3.0679611650485437","0.029262763033274054","0.3259493670886076","0.2","11","8","false","UGT1A1","11.181818181818182","0","11","0","0.935376213592233","false","0","UGT1A1","10988","0.21328671328671328"
"3.5","0.02323762071636627","0.2857142857142857","0.2948717948717949","13","8","false","SULT1A1","8.153846153846153","0","13","0","0.921875","false","0","SULT1A1","5068","0.27586206896551724"
"2.6310679611650487","0.2057410303020068","0.38007380073800734","0.19556451612903225","32","6","false","CD44","10.96875","0","32","0","0.9490291262135923","false","0","CD44","42050","0.12183988764044944"
"3.5","4.180451856927198E-4","0.2857142857142857","0.6666666666666666","3","8","false","SLCO4A1","12.0","0","3","0","0.921875","false","0","SLCO4A1","116","0.4444444444444444"
"3.4466019417475726","0.0032308365456327343","0.29014084507042254","0.0","3","8","false","GHR","13.666666666666666","0","3","0","0.9235436893203883","false","0","GHR","892","0.35185185185185186"
"3.5825242718446604","0.018630352528382424","0.27913279132791324","0.0","4","8","false","GPX3","6.0","0","4","0","0.9192961165048543","false","0","GPX3","2484","0.25"
"3.1067961165048543","0.006303151093457399","0.321875","0.42857142857142855","7","7","false","LGR5","14.142857142857142","0","7","0","0.9341626213592233","false","0","LGR5","1630","0.25255102040816324"
"3.29126213592233","0.01253920300695553","0.30383480825958703","0.5714285714285714","8","7","false","MET","16.375","0","8","0","0.9283980582524272","false","0","MET","2946","0.30092592592592593"
"2.883495145631068","0.03051973207704765","0.3468013468013468","0.2857142857142857","8","7","false","KLF4","16.5","0","8","0","0.9411407766990292","false","0","KLF4","6808","0.19117647058823528"
"3.7572815533980584","0.0","0.2661498708010336","1.0","4","8","false","ACACB","9.0","0","4","0","0.9138349514563107","false","0","ACACB","0","0.5"
"3.0825242718446604","0.04977403820313025","0.3244094488188976","0.24444444444444444","10","7","false","FABP4","11.1","0","10","0","0.9349211165048543","false","0","FABP4","8498","0.18032786885245902"
"3.3398058252427183","0.018541858288911785","0.2994186046511628","0.3333333333333333","10","8","false","ACOX1","6.8","0","10","0","0.9268810679611651","false","0","ACOX1","3772","0.20606060606060606"
"3.441747572815534","0.00995256050854197","0.29055007052186177","0.5","8","8","false","SCD","7.75","0","8","0","0.9236953883495146","false","0","SCD","2600","0.2672413793103448"
"3.70873786407767","0.009042301969067695","0.2696335078534031","0.2","5","9","false","ETFDH","9.6","0","5","0","0.9153519417475728","false","0","ETFDH","1098","0.23"
"4.257281553398058","1.0802414319086343E-4","0.23489167616875714","0.6666666666666666","3","9","false","FADS1","7.333333333333333","0","3","0","0.8982099514563107","false","0","FADS1","26","0.6111111111111112"
"3.650485436893204","0.018048986579980223","0.27393617021276595","0.38095238095238093","7","9","false","HMGCS2","7.714285714285714","0","7","0","0.9171723300970873","false","0","HMGCS2","3922","0.2804232804232804"
"3.941747572815534","0.0011262899981280797","0.2536945812807882","0.5","4","9","false","SLC25A20","7.0","0","4","0","0.9080703883495146","false","0","SLC25A20","130","0.3684210526315789"
"3.650485436893204","0.004522778747883763","0.27393617021276595","0.3333333333333333","3","8","false","EPHX2","9.0","0","3","0","0.9171723300970873","false","0","EPHX2","596","0.4126984126984127"
"5.257281553398058","0.02884205541084537","0.19021237303785782","0.0","2","9","false","ADAMDEC1","2.5","0","2","0","0.8669599514563107","false","0","ADAMDEC1","8394","0.5"
"4.29126213592233","0.038322677401531294","0.2330316742081448","0.0","3","8","false","TACSTD2","5.0","0","3","0","0.8971480582524272","false","0","TACSTD2","11192","0.36363636363636365"
"6.233009708737864","0.01932275633435946","0.16043613707165108","0.0","2","10","false","SMPDL3A","2.0","0","2","0","0.8364684466019418","false","0","SMPDL3A","5600","0.5"
"3.441747572815534","0.02154479921275229","0.29055007052186177","0.3333333333333333","13","8","false","ADH1B","8.307692307692308","0","13","0","0.9236953883495146","false","0","ADH1B","6554","0.2679900744416873"
"3.29126213592233","0.049710568176558736","0.30383480825958703","0.09523809523809523","7","8","false","AHCYL2","8.142857142857142","0","7","0","0.9283980582524272","false","0","AHCYL2","9186","0.1978021978021978"
"4.048543689320389","0.015037506228959975","0.24700239808153474","0.1","5","9","false","AKR1B10","6.8","0","5","0","0.9047330097087378","false","0","AKR1B10","3406","0.3263157894736842"
"3.907766990291262","0.0010673691181958558","0.25590062111801243","0.26666666666666666","6","9","false","UGT1A5","10.666666666666666","0","6","0","0.9091322815533981","false","0","UGT1A5","640","0.4444444444444444"
"3.8689320388349513","6.622314707014436E-4","0.2584692597239649","0.6666666666666666","7","9","false","UGT1A7","11.285714285714286","0","7","0","0.9103458737864077","false","0","UGT1A7","464","0.4514285714285714"
"3.8689320388349513","6.622314707014436E-4","0.2584692597239649","0.6666666666666666","7","9","false","UGT1A10","11.285714285714286","0","7","0","0.9103458737864077","false","0","UGT1A10","464","0.4514285714285714"
"3.8349514563106797","1.646608874013544E-4","0.2607594936708861","0.6666666666666666","6","9","false","SULT1A2","11.333333333333334","0","6","0","0.9114077669902912","false","0","SULT1A2","142","0.5151515151515151"
"3.4805825242718447","0.015890853527250025","0.28730822873082285","0.2545454545454545","11","8","false","ADH1C","8.272727272727273","0","11","0","0.9224817961165048","false","0","ADH1C","5664","0.27575757575757576"
"3.5242718446601944","0.015351848060076712","0.2837465564738292","0.16666666666666666","4","7","false","MAOA","12.0","0","4","0","0.9211165048543689","false","0","MAOA","3154","0.32857142857142857"
"3.087378640776699","0.06928762902171673","0.3238993710691824","0.08333333333333333","9","7","false","SERPINB5","9.222222222222221","0","9","0","0.9347694174757282","false","0","SERPINB5","11416","0.16775599128540306"
"3.79126213592233","0.006874923723013103","0.26376440460947503","0.4","5","9","false","MTHFD2","5.4","0","5","0","0.9127730582524272","false","0","MTHFD2","1064","0.3"
"3.3932038834951457","0.024337854657953396","0.2947067238912732","0.14285714285714285","7","8","false","SHMT2","4.714285714285714","0","7","0","0.9252123786407767","false","0","SHMT2","3612","0.18633540372670807"
"3.5825242718446604","0.020346006295197363","0.27913279132791324","0.0","4","8","false","SELENBP1","9.25","0","4","0","0.9192961165048543","false","0","SELENBP1","2520","0.25"
"3.820388349514563","0.0339136324283065","0.2617534942820839","0.17857142857142858","8","9","false","SLC4A4","5.875","0","8","0","0.9118628640776699","false","0","SLC4A4","5542","0.22"
"3.79126213592233","0.011503688977332338","0.26376440460947503","0.0","3","9","false","SORD","6.0","0","3","0","0.9127730582524272","false","0","SORD","1664","0.3333333333333333"
"3.9514563106796117","0.014287757724018173","0.25307125307125306","0.13333333333333333","6","9","false","DHRS11","7.833333333333333","0","6","0","0.9077669902912622","false","0","DHRS11","2406","0.3055555555555556"
"5.043689320388349","0.0","0.1982675649663138","0.0","1","10","false","DHRS9","5.0","0","1","0","0.8736347087378641","false","0","DHRS9","0","0.0"
"3.6116504854368934","1.5786565632646618E-5","0.2768817204301075","0.8333333333333334","4","7","false","ANK2","13.5","0","4","0","0.9183859223300971","false","0","ANK2","2","0.421875"
"3.0533980582524274","0.012783286022579634","0.32750397456279806","0.44761904761904764","15","7","false","MMP7","14.8","0","15","0","0.9358313106796117","false","0","MMP7","3462","0.22424242424242424"
"3.6116504854368934","1.5786565632646618E-5","0.2768817204301075","0.8333333333333334","4","7","false","ANK3","13.5","0","4","0","0.9183859223300971","false","0","ANK3","2","0.421875"
"3.616504854368932","0.0","0.276510067114094","1.0","3","7","false","EPB41L3","13.333333333333334","0","3","0","0.9182342233009708","false","0","EPB41L3","0","0.4166666666666667"
"3.1601941747572817","0.04189281674720432","0.31643625192012287","0.1388888888888889","9","7","false","ANPEP","10.0","0","9","0","0.9324939320388349","false","0","ANPEP","7782","0.17901234567901234"
"3.995145631067961","5.9030269918417E-4","0.2503037667071689","0.0","2","8","false","CEACAM7","9.5","0","2","0","0.9064016990291263","false","0","CEACAM7","140","0.53125"
"4.155339805825243","0.0","0.24065420560747663","0.0","1","8","false","CEACAM1","9.0","0","1","0","0.9013956310679612","false","0","CEACAM1","0","0.0"
"3.063106796116505","0.02069341843491351","0.3264659270998415","0.3611111111111111","9","7","false","FAP","15.11111111111111","0","9","0","0.9355279126213593","false","0","FAP","6048","0.2518518518518518"
"3.0242718446601944","0.09209510395136666","0.3306581059390048","0.15384615384615385","13","8","false","SI","8.307692307692308","0","13","0","0.9367415048543689","false","0","SI","22858","0.14685314685314685"
"3.6844660194174756","0.0021465682454375867","0.27140974967061926","0.6666666666666666","3","8","false","MEP1B","8.666666666666666","0","3","0","0.9161104368932039","false","0","MEP1B","522","0.43333333333333335"
"3.3689320388349513","0.002622956162396991","0.2968299711815562","0.6444444444444445","10","7","false","CXCL2","15.5","0","10","0","0.9259708737864077","false","0","CXCL2","956","0.31"
"3.2864077669902914","0.004971155038622056","0.3042836041358936","0.5769230769230769","13","7","false","CXCL1","14.615384615384615","0","13","0","0.9285497572815534","false","0","CXCL1","1520","0.26573426573426573"
"5.009708737864078","0.0","0.1996124031007752","0.0","1","9","false","ANXA3","2.0","0","1","0","0.8746966019417476","false","0","ANXA3","0","0.0"
"4.014563106796117","0.00970873786407767","0.249093107617896","0.0","2","8","false","S100A11","11.0","0","2","0","0.9057949029126213","false","0","S100A11","1740","0.5"
"4.20873786407767","0.004178403795702988","0.23760092272202998","0.7619047619047619","7","9","false","AQP8","8.142857142857142","0","7","0","0.8997269417475728","false","0","AQP8","1260","0.3877551020408163"
"4.019417475728155","0.02109632474132848","0.24879227053140096","0.4722222222222222","9","9","false","MS4A12","6.888888888888889","0","9","0","0.9056432038834952","false","0","MS4A12","3730","0.31746031746031744"
"4.150485436893204","0.0050050710694038705","0.24093567251461986","0.7142857142857143","7","9","false","GUCA2B","8.142857142857142","0","7","0","0.9015473300970873","false","0","GUCA2B","796","0.4"
"4.674757281553398","0.01932275633435946","0.21391484942886813","0.3333333333333333","3","10","false","BEST2","6.666666666666667","0","3","0","0.8851638349514563","false","0","BEST2","4180","0.5277777777777778"
"4.223300970873787","0.0","0.23678160919540228","1.0","6","9","false","ZG16","9.166666666666666","0","6","0","0.8992718446601942","false","0","ZG16","0","0.4583333333333333"
"3.703883495145631","0.042350828799710576","0.2699868938401049","0.4","11","9","false","SLC26A3","7.2727272727272725","0","11","0","0.915503640776699","false","0","SLC26A3","9916","0.22727272727272727"
"3.5679611650485437","0.020923421987960697","0.2802721088435374","0.4444444444444444","10","8","false","CLCA4","7.7","0","10","0","0.919751213592233","false","0","CLCA4","5408","0.25333333333333335"
"3.4466019417475726","0.061329458929785606","0.29014084507042254","0.34545454545454546","11","8","false","GUCA2A","7.909090909090909","0","11","0","0.9235436893203883","false","0","GUCA2A","14418","0.19318181818181818"
"4.388349514563107","0.0","0.2278761061946903","0.0","1","9","false","ASPA","7.0","0","1","0","0.8941140776699029","false","0","ASPA","0","0.0"
"3.5097087378640777","1.6886188541288984E-4","0.28492392807745504","0.9894736842105263","20","9","false","ATAD2","22.4","0","20","0","0.9215716019417476","false","0","ATAD2","240","0.5463414634146342"
"3.3932038834951457","0.018916802850909926","0.2947067238912732","0.8571428571428571","22","9","false","TRIP13","21.0","0","22","0","0.9252123786407767","false","0","TRIP13","2716","0.4762396694214876"
"3.4757281553398056","9.105036331046439E-4","0.2877094972067039","0.9004329004329005","22","9","false","CDC6","21.318181818181817","0","22","0","0.9226334951456311","false","0","CDC6","734","0.5075757575757576"
"3.1553398058252426","0.03851400083926252","0.3169230769230769","0.6584615384615384","26","8","false","AURKA","18.807692307692307","0","26","0","0.9326456310679612","false","0","AURKA","8000","0.37461538461538463"
"3.5097087378640777","1.6886188541288984E-4","0.28492392807745504","0.9894736842105263","20","9","false","DLGAP5","22.4","0","20","0","0.9215716019417476","false","0","DLGAP5","240","0.5463414634146342"
"3.29126213592233","0.01280378410560458","0.30383480825958703","0.7166666666666667","25","8","false","CCNB1","19.32","0","25","0","0.9283980582524272","false","0","CCNB1","4404","0.42933333333333334"
"3.4757281553398056","9.105036331046439E-4","0.2877094972067039","0.9004329004329005","22","9","false","CCNA2","21.318181818181817","0","22","0","0.9226334951456311","false","0","CCNA2","734","0.5075757575757576"
"2.849514563106796","0.130472794841185","0.35093696763202725","0.6666666666666666","24","8","false","FOXM1","20.375","0","24","0","0.9422026699029127","false","0","FOXM1","27338","0.26121794871794873"
"3.4611650485436893","0.011727287241508446","0.28892005610098176","0.7717391304347826","24","9","false","UBE2C","19.791666666666668","0","24","0","0.9230885922330097","false","0","UBE2C","2466","0.47023809523809523"
"3.854368932038835","3.234530025433408E-4","0.2594458438287154","0.9239766081871345","19","9","false","RFC3","21.57894736842105","0","19","0","0.9108009708737864","false","0","RFC3","116","0.553306342780027"
"3.5","0.008193945176894465","0.2857142857142857","0.8952380952380953","21","9","false","FANCI","21.428571428571427","0","21","0","0.921875","false","0","FANCI","1276","0.521486643437863"
"3.504854368932039","2.74507548718984E-4","0.2853185595567867","0.9428571428571428","21","9","false","ECT2","21.80952380952381","0","21","0","0.9217233009708737","false","0","ECT2","296","0.5319396051103368"
"3.504854368932039","2.74507548718984E-4","0.2853185595567867","0.9428571428571428","21","9","false","CENPA","21.80952380952381","0","21","0","0.9217233009708737","false","0","CENPA","296","0.5319396051103368"
"3.4757281553398056","0.0037285539447650725","0.2877094972067039","0.8354978354978355","22","9","false","NEK2","20.59090909090909","0","22","0","0.9226334951456311","false","0","NEK2","1590","0.4902597402597403"
"3.504854368932039","0.0029922835748955228","0.2853185595567867","0.9047619047619048","21","9","false","PRC1","21.428571428571427","0","21","0","0.9217233009708737","false","0","PRC1","1332","0.5226480836236934"
"3.504854368932039","0.001332097043560563","0.2853185595567867","0.9","21","9","false","CEP55","21.428571428571427","0","21","0","0.9217233009708737","false","0","CEP55","458","0.5226480836236934"
"3.5097087378640777","1.6886188541288984E-4","0.28492392807745504","0.9894736842105263","20","9","false","DTL","22.4","0","20","0","0.9215716019417476","false","0","DTL","240","0.5463414634146342"
"3.4271844660194173","0.0176483470949398","0.2917847025495751","0.7536231884057971","24","9","false","MAD2L1","19.708333333333332","0","24","0","0.9241504854368932","false","0","MAD2L1","2730","0.4563953488372093"
"3.412621359223301","0.01571126535959853","0.2930298719772404","0.7427536231884058","24","9","false","TPX2","19.583333333333332","0","24","0","0.9246055825242718","false","0","TPX2","3506","0.4441287878787879"
"3.2718446601941746","0.018373995899802827","0.3056379821958457","0.6676923076923077","26","8","false","CDK1","18.76923076923077","0","26","0","0.929004854368932","false","0","CDK1","5016","0.3993453355155483"
"3.383495145631068","0.012533374742505632","0.29555236728837875","0.7905138339920948","23","9","false","RRM2","20.391304347826086","0","23","0","0.9255157766990292","false","0","RRM2","2362","0.42481884057971014"
"3.2475728155339807","0.05605812025119852","0.30792227204783257","0.07142857142857142","8","8","false","NME1","10.0","0","8","0","0.9297633495145631","false","0","NME1","7766","0.1913265306122449"
"4.043689320388349","0.0020127647614137686","0.24729891956782715","0.7142857142857143","7","9","false","CSE1L","20.857142857142858","0","7","0","0.9048847087378641","false","0","CSE1L","592","0.6473214285714286"
"3.8058252427184467","0.012543360009553252","0.2627551020408163","0.8333333333333334","12","9","false","UBE2S","22.083333333333332","0","12","0","0.9123179611650485","false","0","UBE2S","3384","0.55"
"4.150485436893204","0.0","0.24093567251461986","0.0","1","9","false","PHLDA1","26.0","0","1","0","0.9015473300970873","false","0","PHLDA1","0","0.0"
"3.6359223300970873","0.0","0.2750333778371162","1.0","11","9","false","CDC25B","23.363636363636363","0","11","0","0.917627427184466","false","0","CDC25B","0","0.6314496314496314"
"4.456310679611651","0.0","0.22440087145969498","0.0","1","10","false","AZGP1","24.0","0","1","0","0.8919902912621359","false","0","AZGP1","0","0.0"
"3.70873786407767","0.006829394601404794","0.2696335078534031","0.0","3","8","false","BCHE","7.333333333333333","0","3","0","0.9153519417475728","false","0","BCHE","1092","0.3333333333333333"
"3.941747572815534","0.012193639492324333","0.2536945812807882","0.1","5","9","false","CA1","3.4","0","5","0","0.9080703883495146","false","0","CA1","1544","0.23333333333333334"
"3.6553398058252426","0.008289178503968367","0.2735723771580345","0.13333333333333333","6","8","false","BCL2","7.5","0","6","0","0.9170206310679612","false","0","BCL2","1370","0.2"
"3.8155339805825244","0.010392311704066038","0.26208651399491095","0.16666666666666666","4","9","false","PPAT","10.5","0","4","0","0.9120145631067961","false","0","PPAT","1288","0.2857142857142857"
"3.8349514563106797","0.0029881604074773584","0.2607594936708861","0.0","3","8","false","PDE9A","6.333333333333333","0","3","0","0.9114077669902912","false","0","PDE9A","526","0.35555555555555557"
"4.266990291262136","6.645549869509756E-4","0.23435722411831628","0.0","2","9","false","C7","4.5","0","2","0","0.8979065533980582","false","0","C7","108","0.5"
"3.266990291262136","0.019601400895843436","0.30609212481426445","0.3333333333333333","4","7","false","PMAIP1","22.25","0","4","0","0.9291565533980582","false","0","PMAIP1","4982","0.36666666666666664"
"3.3009708737864076","0.02137623504565191","0.30294117647058827","0.13333333333333333","6","8","false","PRKACB","16.166666666666668","0","6","0","0.9280946601941747","false","0","PRKACB","4702","0.28484848484848485"
"5.660194174757281","0.00970873786407767","0.17667238421955403","0.0","2","11","false","CLIC5","2.0","0","2","0","0.854368932038835","false","0","CLIC5","2092","0.5"
"3.029126213592233","0.010670091152415177","0.3301282051282051","0.5424836601307189","18","6","false","BGN","15.333333333333334","0","18","0","0.9365898058252428","false","0","BGN","3982","0.25555555555555554"
"3.029126213592233","0.045807707273120384","0.3301282051282051","0.42857142857142855","21","7","false","TIMP1","14.333333333333334","0","21","0","0.9365898058252428","false","0","TIMP1","10062","0.22600151171579744"
"2.849514563106796","0.0543867822033771","0.35093696763202725","0.3323076923076923","26","6","false","COL1A1","12.653846153846153","0","26","0","0.9422026699029127","false","0","COL1A1","12724","0.18076923076923077"
"3.79126213592233","5.262188544215539E-6","0.26376440460947503","0.9","5","7","false","INHBA","19.2","0","5","0","0.9127730582524272","false","0","INHBA","2","0.6193548387096774"
"2.6650485436893203","0.1072803978482708","0.37522768670309653","0.27485380116959063","19","7","false","SOX9","14.631578947368421","0","19","0","0.9479672330097088","false","0","SOX9","25302","0.14876476906552094"
"3.8349514563106797","0.0","0.2607594936708861","1.0","3","7","false","MATN2","19.666666666666668","0","3","0","0.9114077669902912","false","0","MATN2","0","0.7564102564102564"
"3.6262135922330097","0.003325886031018455","0.2757697456492637","0.5238095238095238","7","7","false","SULF1","14.0","0","7","0","0.9179308252427184","false","0","SULF1","900","0.49489795918367346"
"3.004854368932039","0.01592254920889059","0.33279483037156704","0.4523809523809524","21","6","false","COL1A2","14.095238095238095","0","21","0","0.9373483009708737","false","0","COL1A2","6070","0.22734254992319508"
"3.0242718446601944","0.010332910158712372","0.3306581059390048","0.5555555555555556","18","6","false","MMP3","15.944444444444445","0","18","0","0.9367415048543689","false","0","MMP3","4082","0.26138433515482695"
"3.3009708737864076","0.004002349734978743","0.30294117647058827","0.5833333333333334","16","7","false","MMP1","16.0","0","16","0","0.9280946601941747","false","0","MMP1","1572","0.2807017543859649"
"3.0776699029126213","0.017977438260535807","0.3249211356466877","0.45751633986928103","18","7","false","CXCL12","15.11111111111111","0","18","0","0.9350728155339806","false","0","CXCL12","5216","0.2459016393442623"
"3.1990291262135924","0.03531075749833339","0.3125948406676783","0.6666666666666666","10","7","false","COL10A1","16.7","0","10","0","0.9312803398058253","false","0","COL10A1","8758","0.3192307692307692"
"3.3446601941747574","0.038742542429396336","0.29898403483309144","0.5818181818181818","11","7","false","TGFBI","16.90909090909091","0","11","0","0.9267293689320388","false","0","TGFBI","11740","0.32798573975044565"
"3.3932038834951457","5.66547532978826E-4","0.2947067238912732","0.8333333333333334","9","7","false","COL11A1","16.666666666666668","0","9","0","0.9252123786407767","false","0","COL11A1","266","0.43859649122807015"
"2.907766990291262","0.03749488883492015","0.34390651085141904","0.37662337662337664","22","7","false","SPP1","13.818181818181818","0","22","0","0.9403822815533981","false","0","SPP1","8248","0.19960474308300397"
"3.4902912621359223","0.0020460362138067035","0.2865090403337969","0.5818181818181818","11","7","false","COL5A2","12.363636363636363","0","11","0","0.9221783980582524","false","0","COL5A2","756","0.3746556473829201"
"3.3640776699029127","0.004073166445639959","0.2972582972582973","0.5238095238095238","15","6","false","THBS2","14.066666666666666","0","15","0","0.926122572815534","false","0","THBS2","1598","0.30579710144927535"
"3.262135922330097","0.00346925694862727","0.30654761904761907","0.6818181818181818","12","6","false","COL4A1","16.75","0","12","0","0.9293082524271845","false","0","COL4A1","1454","0.3160377358490566"
"7.218446601941747","0.00970873786407767","0.13853396099529255","0.0","2","11","false","C1orf115","1.5","0","2","0","0.8056735436893204","false","0","C1orf115","2802","0.5"
"8.21359223300971","0.0","0.12174940898345152","0.0","1","12","false","LRRC19","2.0","0","1","0","0.7745752427184466","false","0","LRRC19","0","0.0"
"3.6893203883495147","0.005801192310933289","0.2710526315789474","0.3333333333333333","3","8","false","CFD","11.333333333333334","0","3","0","0.9159587378640777","false","0","CFD","1130","0.3793103448275862"
"4.213592233009709","0.003109409218504572","0.23732718894009217","0.3333333333333333","4","10","false","CA2","6.75","0","4","0","0.8995752427184466","false","0","CA2","458","0.35526315789473684"
"4.524271844660194","0.0013587177155730326","0.22103004291845493","0.3333333333333333","3","10","false","CA7","5.333333333333333","0","3","0","0.8898665048543689","false","0","CA7","218","0.4166666666666667"
"4.470873786407767","0.0","0.2236699239956569","1.0","2","10","false","CA4","9.5","0","2","0","0.8915351941747574","false","0","CA4","0","0.6785714285714286"
"5.014563106796117","0.0","0.1994191674733785","0.0","1","10","false","CD177","9.0","0","1","0","0.8745449029126213","false","0","CD177","0","0.0"
"3.5776699029126213","0.012380793662775169","0.27951153324287653","0.0","2","7","false","CDH3","17.5","0","2","0","0.9194478155339806","false","0","CDH3","3560","0.515625"
"3.5970873786407767","0.02884205541084537","0.27800269905533065","0.3333333333333333","3","7","false","CR2","12.333333333333334","0","3","0","0.9188410194174758","false","0","CR2","3654","0.35294117647058826"
"3.6019417475728157","3.7556012092328017E-4","0.2776280323450135","0.3333333333333333","3","7","false","IL6R","16.333333333333332","0","3","0","0.9186893203883495","false","0","IL6R","124","0.47058823529411764"
"3.2572815533980584","0.01871495384116583","0.30700447093889716","0.48717948717948717","13","7","false","PLAU","14.23076923076923","0","13","0","0.9294599514563107","false","0","PLAU","4352","0.24696356275303644"
"3.529126213592233","0.0","0.2833562585969739","1.0","2","7","false","MSLN","27.0","0","2","0","0.9209648058252428","false","0","MSLN","0","0.6923076923076923"
"3.2427184466019416","0.016657176427505093","0.3083832335329341","0.3333333333333333","3","7","false","PLA2G10","18.333333333333332","0","3","0","0.9299150485436893","false","0","PLA2G10","3424","0.3673469387755102"
"5.169902912621359","0.0016543480122495763","0.19342723004694834","0.3333333333333333","4","10","false","CDHR2","2.75","0","4","0","0.8696905339805825","false","0","CDHR2","308","0.4166666666666667"
"5.436893203883495","8.68261109795564E-5","0.1839285714285714","0.6666666666666666","3","11","false","CDHR5","3.3333333333333335","0","3","0","0.8613470873786407","false","0","CDHR5","8","0.5555555555555556"
"4.402912621359223","0.00666923890056981","0.22712238147739802","0.0","2","9","false","PTPRH","7.5","0","2","0","0.8936589805825242","false","0","PTPRH","1656","0.5"
"4.703883495145631","0.008264329957733706","0.21259029927760575","0.3333333333333333","3","10","false","DPEP1","3.0","0","3","0","0.884253640776699","false","0","DPEP1","1372","0.5333333333333333"
"4.849514563106796","0.005035005467362921","0.20620620620620622","0.3333333333333333","3","10","false","MYO1A","3.6666666666666665","0","3","0","0.8797026699029127","false","0","MYO1A","1422","0.47619047619047616"
"3.5436893203883497","4.5052438890106554E-4","0.2821917808219178","0.3333333333333333","3","8","false","TEAD4","17.666666666666668","0","3","0","0.9205097087378641","false","0","TEAD4","132","0.5777777777777777"
"3.2427184466019416","0.024828551862814817","0.3083832335329341","0.3333333333333333","7","8","false","CHGA","8.857142857142858","0","7","0","0.9299150485436893","false","0","CHGA","5790","0.2271062271062271"
"3.679611650485437","0.004767254630339181","0.2717678100263852","0.3333333333333333","3","9","false","SLC30A10","8.333333333333334","0","3","0","0.9162621359223301","false","0","SLC30A10","736","0.42105263157894735"
"3.1941747572815533","0.024759360175535455","0.3130699088145897","0.32142857142857145","8","8","false","PYY","9.75","0","8","0","0.9314320388349515","false","0","PYY","6012","0.1989795918367347"
"3.8980582524271843","0.030799035634326764","0.25653798256537985","0.1","5","9","false","STMN2","5.6","0","5","0","0.9094356796116505","false","0","STMN2","6488","0.23809523809523808"
"2.8349514563106797","0.1131004932874379","0.3527397260273972","0.13333333333333333","15","8","false","GCG","8.066666666666666","0","15","0","0.9426577669902912","false","0","GCG","20570","0.10303030303030303"
"3.5436893203883497","0.007744307139282646","0.2821917808219178","0.4","5","9","false","SST","7.6","0","5","0","0.9205097087378641","false","0","SST","1868","0.3217391304347826"
"5.014563106796117","0.0","0.1994191674733785","0.0","1","10","false","CHP2","9.0","0","1","0","0.8745449029126213","false","0","CHP2","0","0.0"
"4.179611650485437","4.529199257587839E-4","0.23925667828106853","0.0","2","9","false","CKB","7.5","0","2","0","0.9006371359223301","false","0","CKB","94","0.5416666666666666"
"3.9174757281553396","0.0050770845576741915","0.2552664188351921","0.0","4","8","false","CLEC3B","7.75","0","4","0","0.9088288834951457","false","0","CLEC3B","852","0.32142857142857145"
"3.7718446601941746","0.001176945706242372","0.2651222651222651","0.5","4","7","false","TNXB","15.5","0","4","0","0.913379854368932","false","0","TNXB","508","0.5446428571428571"
"3.8640776699029127","0.005382148114724631","0.25879396984924624","0.0","3","7","false","SEPP1","4.0","0","3","0","0.910497572815534","false","0","SEPP1","782","0.3333333333333333"
"6.655339805825243","0.0","0.15025528811086797","0.0","1","12","false","PTPRR","2.0","0","1","0","0.8232706310679612","false","0","PTPRR","0","0.0"
"3.5776699029126213","2.012807968203924E-4","0.27951153324287653","0.7142857142857143","8","7","false","MMP12","18.0","0","8","0","0.9194478155339806","false","0","MMP12","122","0.42857142857142855"
"3.7815533980582523","0.0","0.2644415917843389","1.0","2","7","false","SFRP4","16.5","0","2","0","0.9130764563106796","false","0","SFRP4","0","0.6111111111111112"
"3.733009708737864","6.654015304124649E-5","0.26788036410923277","0.9","5","7","false","LOXL2","18.2","0","5","0","0.9145934466019418","false","0","LOXL2","32","0.56875"
"3.79126213592233","0.016853652861524994","0.26376440460947503","0.0","2","9","false","CPM","9.0","0","2","0","0.9127730582524272","false","0","CPM","2532","0.5"
"4.58252427184466","0.0","0.21822033898305085","1.0","2","8","false","TNFRSF17","3.0","0","2","0","0.8880461165048543","false","0","TNFRSF17","0","0.75"
"4.577669902912621","0.00970873786407767","0.21845174973488865","0.3333333333333333","3","8","false","POU2AF1","2.0","0","3","0","0.8881978155339806","false","0","POU2AF1","1222","0.5555555555555556"
"3.8689320388349513","0.0","0.2584692597239649","1.0","5","7","false","CXCL3","15.0","0","5","0","0.9103458737864077","false","0","CXCL3","0","0.5769230769230769"
"3.5242718446601944","8.343809775505877E-4","0.2837465564738292","0.16666666666666666","4","8","false","SFRP1","11.75","0","4","0","0.9211165048543689","false","0","SFRP1","202","0.4017857142857143"
"3.878640776699029","0.009683048807000544","0.25782227784730916","0.26666666666666666","10","9","false","HSD17B2","8.3","0","10","0","0.9100424757281553","false","0","HSD17B2","4530","0.3565217391304348"
"4.199029126213592","0.009110888302266626","0.23815028901734106","0.2","5","10","false","HSD11B2","5.8","0","5","0","0.9000303398058253","false","0","HSD11B2","1934","0.26666666666666666"
"3.412621359223301","0.037062375904032246","0.2930298719772404","0.21794871794871795","13","9","false","HSD3B2","8.307692307692308","0","13","0","0.9246055825242718","false","0","HSD3B2","9366","0.2165991902834008"
"4.946601941747573","0.0","0.20215897939156036","0.0","1","10","false","DUSP14","6.0","0","1","0","0.8766686893203883","false","0","DUSP14","0","0.0"
"3.8300970873786406","0.0","0.2610899873257288","0.0","1","9","false","EDN3","15.0","0","1","0","0.9115594660194175","false","0","EDN3","0","0.0"
"3.8592233009708736","0.0031602063678044983","0.2591194968553459","0.16666666666666666","4","9","false","ENTPD5","9.75","0","4","0","0.9106492718446602","false","0","ENTPD5","418","0.2890625"
"4.092233009708738","0.001906277118949283","0.2443653618030842","0.3333333333333333","4","9","false","SQLE","7.75","0","4","0","0.9033677184466019","false","0","SQLE","446","0.35714285714285715"
"4.029126213592233","0.009784193231979163","0.24819277108433732","0.0","3","9","false","PHLPP2","9.333333333333334","0","3","0","0.9053398058252426","false","0","PHLPP2","1464","0.36231884057971014"
"4.393203883495145","0.0","0.22762430939226522","1.0","3","10","false","FHL1","22.333333333333332","0","3","0","0.8939623786407767","false","0","FHL1","0","0.8933333333333333"
"3.825242718446602","0.0","0.2614213197969543","1.0","2","9","false","REG1A","8.5","0","2","0","0.9117111650485437","false","0","REG1A","0","0.5666666666666667"
"3.7815533980582523","0.0","0.2644415917843389","1.0","2","9","false","STC1","11.5","0","2","0","0.9130764563106796","false","0","STC1","0","0.71875"
"3.825242718446602","0.0","0.2614213197969543","1.0","2","9","false","REG1B","8.5","0","2","0","0.9117111650485437","false","0","REG1B","0","0.5666666666666667"
"3.737864077669903","0.002089662312468568","0.2675324675324675","0.3333333333333333","3","7","false","GDF15","15.0","0","3","0","0.9144417475728155","false","0","GDF15","430","0.5238095238095238"
"4.0","7.516854586065068E-4","0.25","0.0","2","8","false","S100A2","6.0","0","2","0","0.90625","false","0","S100A2","74","0.5"
"3.9029126213592233","0.006929504889546374","0.2562189054726368","0.0","3","9","false","SLC26A2","5.0","0","3","0","0.9092839805825242","false","0","SLC26A2","934","0.3333333333333333"
"4.106796116504855","0.008204307885540874","0.24349881796690304","0.3333333333333333","4","9","false","NR3C2","4.5","0","4","0","0.9029126213592233","false","0","NR3C2","1316","0.3541666666666667"
"3.8932038834951457","0.014517330745393426","0.256857855361596","0.3333333333333333","4","9","false","MEP1A","7.5","0","4","0","0.9095873786407767","false","0","MEP1A","3310","0.34523809523809523"
"4.359223300970874","0.012436078582974441","0.22939866369710465","0.16666666666666666","4","10","false","SGK2","4.25","0","4","0","0.8950242718446602","false","0","SGK2","2320","0.3125"
"4.766990291262136","1.0380293354482318E-4","0.20977596741344195","0.0","2","10","false","HPGD","7.5","0","2","0","0.8822815533980582","false","0","HPGD","26","0.5909090909090909"
"4.480582524271845","0.0027391863979078475","0.22318526543878656","0.5","4","10","false","SCNN1B","4.5","0","4","0","0.8912317961165048","false","0","SCNN1B","568","0.375"
"3.2572815533980584","0.01328483228587778","0.30700447093889716","0.2","5","8","false","NR5A2","12.6","0","5","0","0.9294599514563107","false","0","NR5A2","3518","0.26956521739130435"
"4.883495145631068","0.00970873786407767","0.2047713717693837","0.0","2","10","false","ITM2A","3.0","0","2","0","0.8786407766990292","false","0","ITM2A","2062","0.5"
"5.878640776699029","0.0","0.17010734929810073","0.0","1","11","false","NEBL","2.0","0","1","0","0.8475424757281553","false","0","NEBL","0","0.0"
"5.067961165048544","0.0","0.19731800766283522","0.0","1","9","false","KRT6B","2.0","0","1","0","0.872876213592233","false","0","KRT6B","0","0.0"
"4.072815533980583","0.00970873786407767","0.24553039332538734","0.0","2","8","false","TRIM29","5.0","0","2","0","0.9039745145631068","false","0","TRIM29","1390","0.5"
"4.131067961165049","0.013246831801432294","0.24206815511163338","0.0","3","9","false","LPAR1","4.666666666666667","0","3","0","0.9021541262135923","false","0","LPAR1","1790","0.3333333333333333"
"5.12621359223301","0.0","0.19507575757575757","0.0","1","10","false","RCAN2","3.0","0","1","0","0.8710558252427184","false","0","RCAN2","0","0.0"
"4.281553398058253","0.013174737011575748","0.23356009070294784","0.2","5","10","false","NEDD4L","5.4","0","5","0","0.8974514563106796","false","0","NEDD4L","2504","0.25"
"4.422330097087379","0.0","0.2261251372118551","0.0","1","10","false","TUBAL3","24.0","0","1","0","0.8930521844660194","false","0","TUBAL3","0","0.0"
"4.286407766990291","0.0","0.2332955832389581","0.0","1","8","false","SEMA6A","8.0","0","1","0","0.8972997572815534","false","0","SEMA6A","0","0.0"
"4.815533980582524","0.0","0.20766129032258066","0.0","1","10","false","METTL7A","8.0","0","1","0","0.8807645631067962","false","0","METTL7A","0","0.0"
"5.354368932038835","0.0","0.18676337262012693","0.0","1","11","false","MORC4","4.0","0","1","0","0.8639259708737864","false","0","MORC4","0","0.0"
"3.912621359223301","0.0036452946387956616","0.2555831265508685","0.3","5","8","false","SLC7A5","4.6","0","5","0","0.9089805825242718","false","0","SLC7A5","568","0.3142857142857143"
"3.936893203883495","0.0011927559050306546","0.25400739827373614","0.5","4","8","false","PSAT1","5.5","0","4","0","0.9082220873786407","false","0","PSAT1","286","0.4230769230769231"
"4.08252427184466","0.0","0.24494649227110585","0.0","1","8","false","PDCD4","9.0","0","1","0","0.9036711165048543","false","0","PDCD4","0","0.0"
"5.024271844660194","0.0","0.19903381642512077","0.0","1","10","false","PPM1H","3.0","0","1","0","0.8742415048543689","false","0","PPM1H","0","0.0"
"4.252427184466019","0.0","0.2351598173515982","0.0","1","8","false","SRPX2","13.0","0","1","0","0.8983616504854369","false","0","SRPX2","0","0.0"
"5.572815533980583","0.0","0.1794425087108014","0.0","1","9","false","SPIB","3.0","0","1","0","0.8570995145631068","false","0","SPIB","0","0.0"
"4.189320388349515","6.196227010813797E-4","0.23870220162224798","0.3333333333333333","3","8","false","SLC3A1","4.333333333333333","0","3","0","0.9003337378640777","false","0","SLC3A1","48","0.4444444444444444"
"4.893203883495145","0.0","0.2043650793650794","0.0","1","10","false","VSNL1","5.0","0","1","0","0.8783373786407767","false","0","VSNL1","0","0.0"
"3.9805825242718447","2.0045961398194653E-4","0.25121951219512195","0.5","4","9","false","SULT1B1","10.25","0","4","0","0.9068567961165048","false","0","SULT1B1","150","0.5394736842105263"
