#node1	node2	node1_string_id	node2_string_id	neighborhood_on_chromosome	gene_fusion	phylogenetic_cooccurrence	homology	coexpression	experimentally_determined_interaction	database_annotated	automated_textmining	combined_score
A1CF	CLMN	9606.ENSP00000378868	9606.ENSP00000298912	0	0	0	0	0.062	0.144	0	0.385	0.463
A1CF	PCK1	9606.ENSP00000378868	9606.ENSP00000319814	0	0	0	0	0.568	0	0	0	0.568
A1CF	SLC17A4	9606.ENSP00000378868	9606.ENSP00000367137	0	0	0	0	0.156	0	0	0.468	0.532
A1CF	NR1H4	9606.ENSP00000378868	9606.ENSP00000447149	0	0	0	0	0.598	0	0	0	0.598
ABCA5	ABCA8	9606.ENSP00000376443	9606.ENSP00000467271	0	0	0	0.909	0.067	0.349	0	0.843	0.415
ABCB1	ABCG2	9606.ENSP00000478255	9606.ENSP00000237612	0	0	0	0.556	0.091	0.135	0	0.931	0.518
ABCB1	SLC22A5	9606.ENSP00000478255	9606.ENSP00000245407	0	0.004	0	0	0.049	0.059	0	0.522	0.535
ABCB1	SLC7A11	9606.ENSP00000478255	9606.ENSP00000280612	0	0	0	0	0.050	0.056	0	0.391	0.406
ABCB1	UGT1A8	9606.ENSP00000478255	9606.ENSP00000304845	0	0	0	0	0.062	0	0	0.689	0.696
ABCB1	UGT1A9	9606.ENSP00000478255	9606.ENSP00000346768	0	0	0	0	0.062	0	0	0.525	0.535
ABCB1	UGT1A4	9606.ENSP00000478255	9606.ENSP00000362508	0	0	0	0	0.062	0	0	0.387	0.400
ABCB1	UGT1A1	9606.ENSP00000478255	9606.ENSP00000362549	0	0	0	0	0.062	0	0	0.685	0.692
ABCB1	SULT1A1	9606.ENSP00000478255	9606.ENSP00000378972	0	0	0	0	0.062	0	0	0.395	0.408
ABCB1	CD44	9606.ENSP00000478255	9606.ENSP00000398632	0	0	0	0	0	0	0	0.658	0.658
ABCB1	NR1H4	9606.ENSP00000478255	9606.ENSP00000447149	0	0	0	0	0.091	0.056	0	0.366	0.408
ABCG2	SLCO4A1	9606.ENSP00000237612	9606.ENSP00000217159	0	0	0	0	0	0	0	0.460	0.459
ABCG2	NR1H4	9606.ENSP00000237612	9606.ENSP00000447149	0	0	0	0	0.065	0.075	0	0.381	0.417
ABCG2	SLC17A4	9606.ENSP00000237612	9606.ENSP00000367137	0	0	0	0	0.049	0	0	0.413	0.417
ABCG2	GHR	9606.ENSP00000237612	9606.ENSP00000483403	0	0	0	0	0.058	0	0	0.415	0.425
ABCG2	GPX3	9606.ENSP00000237612	9606.ENSP00000373477	0	0	0	0	0	0	0	0.460	0.461
ABCG2	LGR5	9606.ENSP00000237612	9606.ENSP00000266674	0	0	0	0	0	0.056	0	0.471	0.479
ABCG2	MET	9606.ENSP00000237612	9606.ENSP00000317272	0	0	0	0	0.062	0.057	0	0.469	0.489
ABCG2	UGT1A9	9606.ENSP00000237612	9606.ENSP00000346768	0	0	0	0	0.064	0	0	0.518	0.529
ABCG2	KLF4	9606.ENSP00000237612	9606.ENSP00000363804	0	0	0	0	0.055	0.102	0	0.556	0.591
ABCG2	SLC22A5	9606.ENSP00000237612	9606.ENSP00000245407	0	0	0	0	0.054	0.102	0	0.603	0.633
ABCG2	UGT1A1	9606.ENSP00000237612	9606.ENSP00000362549	0	0	0	0	0.064	0	0	0.681	0.688
ABCG2	UGT1A8	9606.ENSP00000237612	9606.ENSP00000304845	0	0	0	0	0.064	0	0	0.681	0.688
ABCG2	CD44	9606.ENSP00000237612	9606.ENSP00000398632	0	0	0	0	0	0	0	0.794	0.794
ACACB	FABP4	9606.ENSP00000341044	9606.ENSP00000256104	0	0	0	0	0.062	0	0	0.410	0.423
ACACB	ACOX1	9606.ENSP00000341044	9606.ENSP00000293217	0.044	0	0	0	0.062	0	0	0.563	0.574
ACACB	PCK1	9606.ENSP00000341044	9606.ENSP00000319814	0	0	0	0	0.064	0	0	0.442	0.455
ACACB	SCD	9606.ENSP00000341044	9606.ENSP00000359380	0	0	0	0	0.166	0	0	0.698	0.737
ACOX1	FABP4	9606.ENSP00000293217	9606.ENSP00000256104	0	0	0	0	0.052	0.121	0	0.563	0.604
ACOX1	ETFDH	9606.ENSP00000293217	9606.ENSP00000426638	0.079	0	0	0	0.108	0.139	0	0.271	0.415
ACOX1	NR1H4	9606.ENSP00000293217	9606.ENSP00000447149	0	0	0	0	0.062	0.056	0	0.407	0.429
ACOX1	FADS1	9606.ENSP00000293217	9606.ENSP00000322229	0	0	0	0	0.065	0	0	0.553	0.565
ACOX1	HMGCS2	9606.ENSP00000293217	9606.ENSP00000358414	0	0	0	0	0.062	0	0	0.619	0.627
ACOX1	PCK1	9606.ENSP00000293217	9606.ENSP00000319814	0	0	0	0	0.064	0	0	0.630	0.638
ACOX1	SLC25A20	9606.ENSP00000293217	9606.ENSP00000326305	0	0	0	0	0.186	0.115	0	0.547	0.645
ACOX1	SCD	9606.ENSP00000293217	9606.ENSP00000359380	0	0	0	0	0.051	0	0	0.739	0.741
ACOX1	EPHX2	9606.ENSP00000293217	9606.ENSP00000430269	0	0	0	0	0.096	0.153	0.900	0.282	0.937
ADAMDEC1	TACSTD2	9606.ENSP00000256412	9606.ENSP00000360269	0	0	0	0	0	0	0	0.479	0.479
ADAMDEC1	SMPDL3A	9606.ENSP00000256412	9606.ENSP00000357425	0	0	0	0	0.064	0	0	0.516	0.528
ADH1B	UGT1A8	9606.ENSP00000306606	9606.ENSP00000304845	0	0	0	0	0.063	0	0.650	0.156	0.699
ADH1B	AHCYL2	9606.ENSP00000306606	9606.ENSP00000315931	0	0	0	0	0.064	0.346	0	0.105	0.404
ADH1B	AKR1B10	9606.ENSP00000306606	9606.ENSP00000352584	0	0	0	0	0.063	0.160	0	0.414	0.498
ADH1B	UGT1A9	9606.ENSP00000306606	9606.ENSP00000346768	0	0	0	0	0.063	0	0.650	0.055	0.663
ADH1B	UGT1A5	9606.ENSP00000306606	9606.ENSP00000362513	0	0	0	0	0.063	0	0.650	0.075	0.670
ADH1B	UGT1A7	9606.ENSP00000306606	9606.ENSP00000362525	0	0	0	0	0.063	0	0.650	0.091	0.675
ADH1B	UGT1A4	9606.ENSP00000306606	9606.ENSP00000362508	0	0	0	0	0.063	0	0.650	0.096	0.677
ADH1B	UGT1A10	9606.ENSP00000306606	9606.ENSP00000343838	0	0	0	0	0.063	0	0.650	0.143	0.694
ADH1B	UGT1A1	9606.ENSP00000306606	9606.ENSP00000362549	0	0	0	0	0.063	0	0.650	0.150	0.696
ADH1B	SULT1A2	9606.ENSP00000306606	9606.ENSP00000378992	0	0	0	0	0.065	0	0.900	0	0.902
ADH1B	SULT1A1	9606.ENSP00000306606	9606.ENSP00000378972	0	0	0	0	0.065	0	0.900	0.217	0.920
ADH1B	ADH1C	9606.ENSP00000306606	9606.ENSP00000426083	0	0	0.449	0.986	0.179	0.660	0.800	0.912	0.940
ADH1B	MAOA	9606.ENSP00000306606	9606.ENSP00000340684	0	0	0	0	0.104	0	0.900	0.409	0.942
ADH1C	UGT1A8	9606.ENSP00000426083	9606.ENSP00000304845	0	0	0	0	0.144	0	0.650	0.096	0.705
ADH1C	AHCYL2	9606.ENSP00000426083	9606.ENSP00000315931	0	0	0	0	0.064	0.346	0	0.105	0.404
ADH1C	MAOA	9606.ENSP00000426083	9606.ENSP00000340684	0	0	0	0	0.103	0	0.650	0.290	0.757
ADH1C	UGT1A10	9606.ENSP00000426083	9606.ENSP00000343838	0	0	0	0	0.118	0	0.650	0.134	0.709
ADH1C	UGT1A9	9606.ENSP00000426083	9606.ENSP00000346768	0	0	0	0	0.114	0	0.650	0.095	0.695
ADH1C	AKR1B10	9606.ENSP00000426083	9606.ENSP00000352584	0	0	0	0	0.116	0.160	0	0.411	0.525
ADH1C	UGT1A4	9606.ENSP00000426083	9606.ENSP00000362508	0	0	0	0	0.144	0	0.650	0.061	0.694
ADH1C	UGT1A5	9606.ENSP00000426083	9606.ENSP00000362513	0	0	0	0	0.097	0	0.650	0.171	0.715
ADH1C	UGT1A7	9606.ENSP00000426083	9606.ENSP00000362525	0	0	0	0	0.063	0	0.650	0.067	0.667
ADH1C	UGT1A1	9606.ENSP00000426083	9606.ENSP00000362549	0	0	0	0	0.063	0	0.650	0.090	0.675
AHCYL2	SERPINB5	9606.ENSP00000315931	9606.ENSP00000372221	0	0	0	0	0	0.394	0	0.069	0.411
AHCYL2	MTHFD2	9606.ENSP00000315931	9606.ENSP00000377617	0.078	0	0	0	0.079	0	0	0.570	0.603
AHCYL2	SHMT2	9606.ENSP00000315931	9606.ENSP00000333667	0	0	0	0	0.244	0.204	0	0.507	0.678
AHCYL2	SELENBP1	9606.ENSP00000315931	9606.ENSP00000397261	0	0	0	0	0.062	0	0.800	0.101	0.816
AHCYL2	SLC4A4	9606.ENSP00000315931	9606.ENSP00000393557	0	0	0	0	0.069	0.941	0	0.464	0.967
AKR1B10	SORD	9606.ENSP00000352584	9606.ENSP00000267814	0.085	0	0	0	0.099	0	0.900	0.524	0.955
AKR1B10	DHRS11	9606.ENSP00000352584	9606.ENSP00000482704	0.041	0	0	0	0.062	0.104	0	0.373	0.427
AKR1B10	DHRS9	9606.ENSP00000352584	9606.ENSP00000389241	0	0	0	0	0	0	0	0.431	0.431
ANK2	MMP7	9606.ENSP00000349588	9606.ENSP00000260227	0	0	0	0	0	0	0	0.629	0.629
ANK2	ANK3	9606.ENSP00000349588	9606.ENSP00000280772	0	0	0	0.867	0.104	0	0.900	0.795	0.916
ANK2	EPB41L3	9606.ENSP00000349588	9606.ENSP00000343158	0	0	0	0	0.100	0.103	0	0.858	0.876
ANK2	CD44	9606.ENSP00000349588	9606.ENSP00000398632	0	0	0	0	0	0	0.800	0.123	0.817
ANK3	MMP7	9606.ENSP00000280772	9606.ENSP00000260227	0	0	0	0	0	0	0	0.432	0.432
ANK3	EPB41L3	9606.ENSP00000280772	9606.ENSP00000343158	0	0	0	0	0.053	0.103	0	0.493	0.531
ANK3	CD44	9606.ENSP00000280772	9606.ENSP00000398632	0	0	0	0	0	0	0.800	0.190	0.831
ANPEP	CEACAM7	9606.ENSP00000300060	9606.ENSP00000006724	0	0	0	0	0.049	0	0	0.429	0.433
ANPEP	CEACAM1	9606.ENSP00000300060	9606.ENSP00000161559	0	0	0	0	0.060	0	0	0.579	0.587
ANPEP	FAP	9606.ENSP00000300060	9606.ENSP00000188790	0.049	0	0	0	0.094	0	0	0.366	0.406
ANPEP	SI	9606.ENSP00000300060	9606.ENSP00000264382	0	0	0	0	0.062	0	0	0.575	0.584
ANPEP	MEP1B	9606.ENSP00000300060	9606.ENSP00000269202	0	0	0	0	0.062	0.339	0	0.345	0.558
ANPEP	SHMT2	9606.ENSP00000300060	9606.ENSP00000333667	0	0	0	0	0.059	0.078	0	0.374	0.409
ANPEP	CXCL2	9606.ENSP00000300060	9606.ENSP00000427279	0	0	0	0	0.112	0	0	0.414	0.457
ANPEP	CXCL1	9606.ENSP00000300060	9606.ENSP00000379110	0	0	0	0	0.172	0	0	0.412	0.492
ANPEP	CD44	9606.ENSP00000300060	9606.ENSP00000398632	0	0	0	0	0.135	0	0	0.803	0.822
ANXA3	S100A11	9606.ENSP00000264908	9606.ENSP00000271638	0	0	0	0	0.157	0.058	0	0.424	0.503
AQP8	MS4A12	9606.ENSP00000219660	9606.ENSP00000016913	0	0	0	0	0.185	0	0	0.558	0.624
AQP8	GUCA2B	9606.ENSP00000219660	9606.ENSP00000361662	0	0	0	0	0.088	0	0	0.405	0.434
AQP8	BEST2	9606.ENSP00000219660	9606.ENSP00000448310	0	0	0	0	0	0	0	0.445	0.445
AQP8	ZG16	9606.ENSP00000219660	9606.ENSP00000383563	0	0	0	0	0.088	0	0	0.460	0.486
AQP8	SLC26A3	9606.ENSP00000219660	9606.ENSP00000345873	0	0	0	0	0.112	0	0	0.459	0.499
AQP8	CLCA4	9606.ENSP00000219660	9606.ENSP00000359594	0	0	0	0	0.088	0	0	0.506	0.530
AQP8	GUCA2A	9606.ENSP00000219660	9606.ENSP00000349493	0	0	0	0	0.095	0	0	0.505	0.532
ASPA	SHMT2	9606.ENSP00000263080	9606.ENSP00000333667	0	0	0	0	0	0	0	0.469	0.469
ATAD2	TRIP13	9606.ENSP00000287394	9606.ENSP00000166345	0	0	0	0	0.564	0.183	0	0.162	0.675
ATAD2	CDC6	9606.ENSP00000287394	9606.ENSP00000209728	0	0	0	0	0.476	0.078	0	0.226	0.594
ATAD2	AURKA	9606.ENSP00000287394	9606.ENSP00000216911	0	0	0	0	0.567	0	0	0.181	0.630
ATAD2	DLGAP5	9606.ENSP00000287394	9606.ENSP00000247191	0	0	0	0	0.692	0	0	0.128	0.720
ATAD2	CCNB1	9606.ENSP00000287394	9606.ENSP00000256442	0	0	0	0	0.571	0.076	0	0.090	0.608
ATAD2	CCNA2	9606.ENSP00000287394	9606.ENSP00000274026	0	0	0	0	0.784	0.076	0	0.204	0.827
ATAD2	FOXM1	9606.ENSP00000287394	9606.ENSP00000342307	0	0	0	0	0.338	0	0	0.200	0.448
ATAD2	UBE2C	9606.ENSP00000287394	9606.ENSP00000348838	0	0	0	0	0.544	0.075	0	0.170	0.620
ATAD2	RFC3	9606.ENSP00000287394	9606.ENSP00000369411	0	0	0	0	0.552	0.077	0	0.165	0.625
ATAD2	FANCI	9606.ENSP00000287394	9606.ENSP00000310842	0	0	0	0	0.632	0	0	0	0.632
ATAD2	ECT2	9606.ENSP00000287394	9606.ENSP00000376457	0	0	0	0	0.598	0	0	0.234	0.679
ATAD2	CENPA	9606.ENSP00000287394	9606.ENSP00000336868	0	0	0	0	0.546	0.241	0	0.177	0.691
ATAD2	NEK2	9606.ENSP00000287394	9606.ENSP00000355966	0	0	0	0	0.561	0	0	0.355	0.705
ATAD2	PRC1	9606.ENSP00000287394	9606.ENSP00000377793	0	0	0	0	0.685	0	0	0.115	0.710
ATAD2	CEP55	9606.ENSP00000287394	9606.ENSP00000360540	0	0	0	0	0.689	0	0	0.218	0.746
ATAD2	DTL	9606.ENSP00000287394	9606.ENSP00000355958	0	0	0	0	0.782	0	0	0	0.782
ATAD2	MAD2L1	9606.ENSP00000287394	9606.ENSP00000296509	0	0	0	0	0.774	0	0	0.134	0.796
ATAD2	TPX2	9606.ENSP00000287394	9606.ENSP00000300403	0	0	0	0	0.784	0	0	0.141	0.806
ATAD2	CDK1	9606.ENSP00000287394	9606.ENSP00000378699	0	0	0	0	0.785	0.101	0	0.140	0.819
ATAD2	RRM2	9606.ENSP00000287394	9606.ENSP00000353770	0	0	0	0	0.781	0	0	0.261	0.831
AURKA	TRIP13	9606.ENSP00000216911	9606.ENSP00000166345	0	0	0	0	0.858	0.060	0	0.281	0.895
AURKA	CDC6	9606.ENSP00000216911	9606.ENSP00000209728	0	0	0	0	0.684	0.180	0	0.514	0.863
AURKA	KLF4	9606.ENSP00000216911	9606.ENSP00000363804	0	0	0	0	0.063	0.290	0	0.216	0.433
AURKA	NME1	9606.ENSP00000216911	9606.ENSP00000337060	0	0	0	0	0.156	0.270	0	0.459	0.637
AURKA	RFC3	9606.ENSP00000216911	9606.ENSP00000369411	0	0	0	0	0.630	0	0	0.167	0.678
AURKA	CSE1L	9606.ENSP00000216911	9606.ENSP00000262982	0	0	0	0	0.561	0	0	0.314	0.686
AURKA	UBE2S	9606.ENSP00000216911	9606.ENSP00000264552	0	0	0	0	0.266	0.058	0.600	0.222	0.756
AURKA	DTL	9606.ENSP00000216911	9606.ENSP00000355958	0	0	0	0	0.803	0	0	0.125	0.820
AURKA	FANCI	9606.ENSP00000216911	9606.ENSP00000310842	0	0	0	0	0.793	0	0	0.194	0.826
AURKA	PHLDA1	9606.ENSP00000216911	9606.ENSP00000266671	0	0	0	0	0	0	0.800	0.208	0.834
AURKA	RRM2	9606.ENSP00000216911	9606.ENSP00000353770	0	0	0	0	0.825	0	0	0.510	0.910
AURKA	NEK2	9606.ENSP00000216911	9606.ENSP00000355966	0	0	0.361	0.690	0.876	0	0	0.681	0.912
AURKA	FOXM1	9606.ENSP00000216911	9606.ENSP00000342307	0	0	0	0	0.818	0	0	0.577	0.920
AURKA	CEP55	9606.ENSP00000216911	9606.ENSP00000360540	0	0	0	0	0.846	0.117	0	0.503	0.927
AURKA	ECT2	9606.ENSP00000216911	9606.ENSP00000376457	0	0	0	0	0.886	0.143	0	0.485	0.945
AURKA	CDC25B	9606.ENSP00000216911	9606.ENSP00000245960	0	0	0	0	0.143	0.213	0.900	0.590	0.968
AURKA	PRC1	9606.ENSP00000216911	9606.ENSP00000377793	0	0	0	0	0.927	0.130	0	0.545	0.968
AURKA	CDK1	9606.ENSP00000216911	9606.ENSP00000378699	0	0	0.424	0.755	0.965	0.326	0	0.857	0.982
AURKA	MAD2L1	9606.ENSP00000216911	9606.ENSP00000296509	0	0	0	0	0.922	0.145	0	0.764	0.983
AURKA	CCNA2	9606.ENSP00000216911	9606.ENSP00000274026	0	0	0	0	0.964	0.104	0	0.625	0.987
AURKA	CCNB1	9606.ENSP00000216911	9606.ENSP00000256442	0	0	0	0	0.926	0.165	0	0.821	0.988
AURKA	UBE2C	9606.ENSP00000216911	9606.ENSP00000348838	0	0	0	0	0.950	0.282	0.300	0.660	0.990
AURKA	CENPA	9606.ENSP00000216911	9606.ENSP00000336868	0	0	0	0	0.828	0.173	0.900	0.602	0.993
AURKA	DLGAP5	9606.ENSP00000216911	9606.ENSP00000247191	0	0	0	0	0.948	0.271	0.900	0.681	0.998
AURKA	TPX2	9606.ENSP00000216911	9606.ENSP00000300403	0	0	0	0	0.952	0.978	0.900	0.990	0.999
AZGP1	UBE2C	9606.ENSP00000292401	9606.ENSP00000348838	0	0	0	0	0	0	0	0.460	0.459
BCHE	CA1	9606.ENSP00000264381	9606.ENSP00000430656	0	0	0	0	0	0	0	0.468	0.468
BCHE	SI	9606.ENSP00000264381	9606.ENSP00000264382	0.045	0	0	0	0.053	0	0	0.562	0.569
BCHE	MAOA	9606.ENSP00000264381	9606.ENSP00000340684	0.047	0	0	0	0.062	0	0	0.603	0.614
BCL2	PPAT	9606.ENSP00000381185	9606.ENSP00000264220	0	0	0	0	0	0	0	0.446	0.446
BCL2	PDE9A	9606.ENSP00000381185	9606.ENSP00000291539	0	0	0	0	0	0	0	0.581	0.581
BCL2	C7	9606.ENSP00000381185	9606.ENSP00000322061	0	0	0	0	0	0	0.720	0.058	0.724
BCL2	PMAIP1	9606.ENSP00000381185	9606.ENSP00000326119	0	0	0	0	0	0.820	0.800	0.406	0.976
BCL2	PRKACB	9606.ENSP00000381185	9606.ENSP00000359719	0	0	0	0	0	0	0.900	0.049	0.900
BCL2	CDK1	9606.ENSP00000381185	9606.ENSP00000378699	0	0	0	0	0	0.680	0	0.146	0.715
BEST2	CLIC5	9606.ENSP00000448310	9606.ENSP00000185206	0	0	0	0	0	0	0.540	0.130	0.582
BEST2	SLC26A3	9606.ENSP00000448310	9606.ENSP00000345873	0	0	0	0	0	0	0	0.449	0.449
BGN	TIMP1	9606.ENSP00000327336	9606.ENSP00000218388	0	0	0	0	0.098	0.057	0	0.518	0.554
BGN	COL1A1	9606.ENSP00000327336	9606.ENSP00000225964	0	0	0	0	0.468	0.241	0	0.652	0.847
BGN	INHBA	9606.ENSP00000327336	9606.ENSP00000242208	0	0	0	0	0.097	0.056	0	0.369	0.415
BGN	SOX9	9606.ENSP00000327336	9606.ENSP00000245479	0	0	0	0	0.088	0	0	0.503	0.527
BGN	MATN2	9606.ENSP00000327336	9606.ENSP00000254898	0	0	0	0	0.097	0.064	0	0.455	0.499
BGN	SULF1	9606.ENSP00000327336	9606.ENSP00000260128	0	0	0	0	0.220	0	0	0.315	0.443
BGN	COL1A2	9606.ENSP00000327336	9606.ENSP00000297268	0	0	0	0	0.623	0.241	0	0.596	0.874
BGN	MMP3	9606.ENSP00000327336	9606.ENSP00000299855	0	0	0	0	0.116	0	0	0.526	0.563
BGN	MMP1	9606.ENSP00000327336	9606.ENSP00000322788	0	0	0	0	0.098	0	0	0.459	0.491
BGN	CXCL12	9606.ENSP00000327336	9606.ENSP00000379140	0	0	0	0	0.215	0	0	0.297	0.424
BGN	COL10A1	9606.ENSP00000327336	9606.ENSP00000327368	0	0	0	0	0.066	0	0	0.421	0.436
BGN	TGFBI	9606.ENSP00000327336	9606.ENSP00000416330	0	0	0	0	0.157	0	0	0.430	0.499
BGN	COL11A1	9606.ENSP00000327336	9606.ENSP00000359114	0	0	0	0	0.151	0.076	0	0.479	0.556
BGN	SPP1	9606.ENSP00000327336	9606.ENSP00000378517	0	0	0	0	0.083	0	0	0.598	0.616
BGN	COL5A2	9606.ENSP00000327336	9606.ENSP00000364000	0	0	0	0	0.339	0.076	0	0.460	0.641
BGN	THBS2	9606.ENSP00000327336	9606.ENSP00000355751	0	0	0	0	0.352	0.056	0	0.468	0.646
BGN	COL4A1	9606.ENSP00000327336	9606.ENSP00000364979	0	0	0	0	0.419	0.076	0	0.413	0.657
BGN	CD44	9606.ENSP00000327336	9606.ENSP00000398632	0	0	0	0	0.062	0	0	0.794	0.798
C1orf115	SMPDL3A	9606.ENSP00000294889	9606.ENSP00000357425	0	0	0	0	0	0	0	0.462	0.462
C1orf115	LRRC19	9606.ENSP00000294889	9606.ENSP00000369395	0	0	0	0	0	0	0	0.600	0.600
C7	CFD	9606.ENSP00000322061	9606.ENSP00000332139	0	0	0	0	0.064	0.077	0	0.379	0.417
CA1	SORD	9606.ENSP00000430656	9606.ENSP00000267814	0	0	0	0	0	0	0	0.537	0.537
CA1	CA2	9606.ENSP00000430656	9606.ENSP00000285379	0	0	0.449	0.960	0	0	0.600	0.904	0.620
CA1	CA7	9606.ENSP00000430656	9606.ENSP00000345659	0	0	0.449	0.950	0	0	0.600	0.754	0.623
CA1	SELENBP1	9606.ENSP00000430656	9606.ENSP00000397261	0	0	0	0	0.558	0	0	0.337	0.694
CA2	CA7	9606.ENSP00000285379	9606.ENSP00000345659	0	0	0.449	0.957	0.064	0	0.600	0.828	0.630
CA2	SLC26A3	9606.ENSP00000285379	9606.ENSP00000345873	0	0	0	0	0.052	0	0	0.738	0.742
CA2	SLC4A4	9606.ENSP00000285379	9606.ENSP00000393557	0	0	0	0	0.062	0.290	0	0.972	0.980
CA4	SLC26A3	9606.ENSP00000300900	9606.ENSP00000345873	0	0	0	0	0.075	0	0	0.488	0.507
CA4	SLC4A4	9606.ENSP00000300900	9606.ENSP00000393557	0	0	0	0	0.106	0.478	0	0.938	0.968
CA7	GUCA2B	9606.ENSP00000345659	9606.ENSP00000361662	0	0	0	0	0.098	0	0	0.455	0.487
CCNA2	TRIP13	9606.ENSP00000274026	9606.ENSP00000166345	0	0	0	0	0.905	0.169	0	0.203	0.932
CCNA2	CDC6	9606.ENSP00000274026	9606.ENSP00000209728	0	0	0	0	0.916	0.945	0.900	0.831	0.999
CCNA2	CDC25B	9606.ENSP00000274026	9606.ENSP00000245960	0	0	0	0	0.121	0.160	0.900	0.741	0.978
CCNA2	DLGAP5	9606.ENSP00000274026	9606.ENSP00000247191	0	0	0	0	0.967	0	0	0.465	0.981
CCNA2	CCNB1	9606.ENSP00000274026	9606.ENSP00000256442	0	0	0	0.738	0.969	0.540	0.720	0.915	0.996
CCNA2	UBE2S	9606.ENSP00000274026	9606.ENSP00000264552	0	0	0	0	0.271	0.142	0.600	0.370	0.821
CCNA2	RFC3	9606.ENSP00000274026	9606.ENSP00000369411	0	0	0	0	0.769	0.078	0	0.339	0.847
CCNA2	FANCI	9606.ENSP00000274026	9606.ENSP00000310842	0	0	0	0	0.815	0	0	0.234	0.852
CCNA2	CENPA	9606.ENSP00000274026	9606.ENSP00000336868	0	0	0	0	0.833	0.071	0	0.463	0.909
CCNA2	DTL	9606.ENSP00000274026	9606.ENSP00000355958	0	0	0	0	0.825	0.270	0	0.486	0.928
CCNA2	ECT2	9606.ENSP00000274026	9606.ENSP00000376457	0	0	0	0	0.936	0.073	0	0.205	0.949
CCNA2	TPX2	9606.ENSP00000274026	9606.ENSP00000300403	0	0	0	0	0.927	0	0	0.426	0.956
CCNA2	CEP55	9606.ENSP00000274026	9606.ENSP00000360540	0	0	0	0	0.942	0	0	0.330	0.959
CCNA2	PRC1	9606.ENSP00000274026	9606.ENSP00000377793	0	0	0	0	0.926	0.321	0	0.281	0.961
CCNA2	RRM2	9606.ENSP00000274026	9606.ENSP00000353770	0	0	0	0	0.930	0	0	0.522	0.965
CCNA2	NEK2	9606.ENSP00000274026	9606.ENSP00000355966	0	0	0	0	0.918	0	0	0.621	0.967
CCNA2	FOXM1	9606.ENSP00000274026	9606.ENSP00000342307	0	0	0	0	0.864	0.103	0.900	0.608	0.994
CCNA2	UBE2C	9606.ENSP00000274026	9606.ENSP00000348838	0	0	0	0	0.955	0.346	0.600	0.652	0.995
CCNA2	MAD2L1	9606.ENSP00000274026	9606.ENSP00000296509	0	0	0	0	0.983	0.108	0.600	0.641	0.997
CCNA2	CDK1	9606.ENSP00000274026	9606.ENSP00000378699	0	0.007	0	0	0.985	0.929	0.900	0.992	0.999
CCNB1	TRIP13	9606.ENSP00000256442	9606.ENSP00000166345	0	0	0	0	0.828	0.169	0	0.307	0.892
CCNB1	CDC6	9606.ENSP00000256442	9606.ENSP00000209728	0	0	0	0	0.813	0.757	0	0.780	0.989
CCNB1	CDC25B	9606.ENSP00000256442	9606.ENSP00000245960	0	0	0	0	0.470	0.196	0.900	0.812	0.990
CCNB1	DLGAP5	9606.ENSP00000256442	9606.ENSP00000247191	0	0	0	0	0.976	0	0	0.525	0.988
CCNB1	CSE1L	9606.ENSP00000256442	9606.ENSP00000262982	0	0	0	0	0.380	0	0	0.161	0.458
CCNB1	PMAIP1	9606.ENSP00000256442	9606.ENSP00000326119	0	0	0	0	0.098	0	0	0.455	0.487
CCNB1	RFC3	9606.ENSP00000256442	9606.ENSP00000369411	0	0	0	0	0.648	0.078	0	0.289	0.749
CCNB1	FANCI	9606.ENSP00000256442	9606.ENSP00000310842	0	0	0	0	0.811	0	0	0.182	0.839
CCNB1	UBE2S	9606.ENSP00000256442	9606.ENSP00000264552	0	0	0	0	0.313	0.346	0.600	0.387	0.875
CCNB1	DTL	9606.ENSP00000256442	9606.ENSP00000355958	0	0	0	0	0.818	0	0	0.390	0.884
CCNB1	ECT2	9606.ENSP00000256442	9606.ENSP00000376457	0	0	0	0	0.799	0.099	0	0.432	0.888
CCNB1	CENPA	9606.ENSP00000256442	9606.ENSP00000336868	0	0	0	0	0.788	0.071	0	0.567	0.907
CCNB1	PRKACB	9606.ENSP00000256442	9606.ENSP00000359719	0	0	0	0	0.063	0.059	0.900	0.146	0.914
CCNB1	CEP55	9606.ENSP00000256442	9606.ENSP00000360540	0	0	0	0	0.864	0	0	0.508	0.930
CCNB1	NEK2	9606.ENSP00000256442	9606.ENSP00000355966	0	0	0	0	0.897	0	0	0.595	0.956
CCNB1	RRM2	9606.ENSP00000256442	9606.ENSP00000353770	0	0	0	0	0.902	0	0	0.593	0.958
CCNB1	TPX2	9606.ENSP00000256442	9606.ENSP00000300403	0	0	0	0	0.945	0	0	0.523	0.973
CCNB1	PRC1	9606.ENSP00000256442	9606.ENSP00000377793	0	0	0	0	0.938	0.365	0	0.550	0.980
CCNB1	MAD2L1	9606.ENSP00000256442	9606.ENSP00000296509	0	0	0	0	0.955	0.166	0	0.805	0.992
CCNB1	UBE2C	9606.ENSP00000256442	9606.ENSP00000348838	0	0	0	0	0.922	0.346	0.600	0.716	0.993
CCNB1	FOXM1	9606.ENSP00000256442	9606.ENSP00000342307	0	0	0	0	0.810	0.519	0.900	0.719	0.997
CCNB1	CDK1	9606.ENSP00000256442	9606.ENSP00000378699	0	0	0	0	0.968	0.999	0.900	0.995	0.999
CD177	MS4A12	9606.ENSP00000479536	9606.ENSP00000016913	0	0	0	0	0.081	0	0	0.451	0.473
CD44	TIMP1	9606.ENSP00000398632	9606.ENSP00000218388	0	0	0	0	0.158	0	0	0.952	0.958
CD44	COL1A1	9606.ENSP00000398632	9606.ENSP00000225964	0	0	0	0	0.085	0.213	0.600	0.478	0.829
CD44	SOX9	9606.ENSP00000398632	9606.ENSP00000245479	0	0	0	0	0	0	0	0.643	0.643
CD44	MMP7	9606.ENSP00000398632	9606.ENSP00000260227	0	0	0	0	0.065	0.270	0.600	0.919	0.975
CD44	CDH3	9606.ENSP00000398632	9606.ENSP00000264012	0	0	0	0	0	0	0	0.429	0.429
CD44	LGR5	9606.ENSP00000398632	9606.ENSP00000266674	0	0	0	0	0	0	0	0.697	0.697
CD44	SLC7A11	9606.ENSP00000398632	9606.ENSP00000280612	0	0	0	0	0	0.486	0	0.988	0.993
CD44	COL1A2	9606.ENSP00000398632	9606.ENSP00000297268	0	0	0	0	0.062	0.213	0.600	0.317	0.771
CD44	MMP3	9606.ENSP00000398632	9606.ENSP00000299855	0	0	0	0	0.076	0	0	0.605	0.619
CD44	MET	9606.ENSP00000398632	9606.ENSP00000317272	0	0	0	0	0.075	0.483	0	0.987	0.993
CD44	MMP1	9606.ENSP00000398632	9606.ENSP00000322788	0	0	0	0	0.106	0.213	0	0.488	0.608
CD44	PMAIP1	9606.ENSP00000398632	9606.ENSP00000326119	0	0	0	0	0	0	0	0.407	0.407
CD44	EPB41L3	9606.ENSP00000398632	9606.ENSP00000343158	0	0	0	0	0	0	0	0.445	0.445
CD44	CR2	9606.ENSP00000398632	9606.ENSP00000356024	0	0	0	0	0	0.056	0	0.583	0.590
CD44	IL6R	9606.ENSP00000398632	9606.ENSP00000357470	0	0	0	0	0	0	0	0.404	0.404
CD44	PLAU	9606.ENSP00000398632	9606.ENSP00000361850	0	0	0	0	0.124	0	0	0.408	0.459
CD44	KLF4	9606.ENSP00000398632	9606.ENSP00000363804	0	0	0	0	0.070	0	0	0.631	0.642
CD44	COL4A1	9606.ENSP00000398632	9606.ENSP00000364979	0	0	0	0	0.062	0	0.600	0.248	0.693
CD44	SERPINB5	9606.ENSP00000398632	9606.ENSP00000372221	0	0	0	0	0	0	0	0.516	0.516
CD44	MSLN	9606.ENSP00000398632	9606.ENSP00000372313	0	0	0	0	0	0	0	0.455	0.455
CD44	SPP1	9606.ENSP00000398632	9606.ENSP00000378517	0	0	0	0	0.062	0.627	0.800	0.989	0.999
CD44	CXCL1	9606.ENSP00000398632	9606.ENSP00000379110	0	0	0	0	0.117	0	0	0.473	0.515
CD44	CXCL12	9606.ENSP00000398632	9606.ENSP00000379140	0	0	0	0	0	0	0	0.801	0.801
CD44	PLA2G10	9606.ENSP00000398632	9606.ENSP00000393847	0	0	0	0	0	0	0	0.451	0.451
CD44	TGFBI	9606.ENSP00000398632	9606.ENSP00000416330	0	0	0	0	0.180	0	0	0.319	0.417
CD44	CXCL2	9606.ENSP00000398632	9606.ENSP00000427279	0	0	0	0	0.098	0	0	0.389	0.426
CDC25B	CDC6	9606.ENSP00000245960	9606.ENSP00000209728	0	0	0	0	0.112	0.180	0	0.475	0.584
CDC25B	UBE2C	9606.ENSP00000245960	9606.ENSP00000348838	0	0	0	0	0.130	0.060	0	0.380	0.449
CDC25B	ECT2	9606.ENSP00000245960	9606.ENSP00000376457	0	0	0	0	0.108	0.251	0	0.248	0.454
CDC25B	MAD2L1	9606.ENSP00000245960	9606.ENSP00000296509	0	0	0	0	0.122	0.103	0	0.368	0.459
CDC25B	CENPA	9606.ENSP00000245960	9606.ENSP00000336868	0	0	0	0	0.068	0	0	0.492	0.506
CDC25B	NEK2	9606.ENSP00000245960	9606.ENSP00000355966	0	0	0	0	0.083	0	0	0.483	0.506
CDC25B	FOXM1	9606.ENSP00000245960	9606.ENSP00000342307	0	0	0	0	0.134	0.318	0	0.786	0.863
CDC25B	CDK1	9606.ENSP00000245960	9606.ENSP00000378699	0	0	0	0	0.128	0.787	0.900	0.921	0.998
CDC6	TRIP13	9606.ENSP00000209728	9606.ENSP00000166345	0.070	0	0	0	0.634	0.059	0	0.193	0.707
CDC6	ECT2	9606.ENSP00000209728	9606.ENSP00000376457	0	0	0	0	0.470	0	0	0.218	0.567
CDC6	PRC1	9606.ENSP00000209728	9606.ENSP00000377793	0	0	0	0	0.652	0	0	0.109	0.677
CDC6	FANCI	9606.ENSP00000209728	9606.ENSP00000310842	0	0	0	0	0.660	0	0	0.241	0.731
CDC6	FOXM1	9606.ENSP00000209728	9606.ENSP00000342307	0	0	0	0	0.584	0.120	0	0.341	0.738
CDC6	NEK2	9606.ENSP00000209728	9606.ENSP00000355966	0	0	0	0	0.615	0	0	0.370	0.747
CDC6	CEP55	9606.ENSP00000209728	9606.ENSP00000360540	0	0	0	0	0.699	0	0	0.281	0.774
CDC6	CENPA	9606.ENSP00000209728	9606.ENSP00000336868	0	0	0	0	0.554	0.244	0	0.410	0.784
CDC6	TPX2	9606.ENSP00000209728	9606.ENSP00000300403	0	0	0	0	0.747	0	0	0.247	0.801
CDC6	DLGAP5	9606.ENSP00000209728	9606.ENSP00000247191	0	0	0	0	0.821	0	0	0.366	0.882
CDC6	MAD2L1	9606.ENSP00000209728	9606.ENSP00000296509	0	0	0	0	0.785	0.078	0	0.522	0.897
CDC6	RRM2	9606.ENSP00000209728	9606.ENSP00000353770	0	0	0	0	0.860	0	0	0.548	0.934
CDC6	UBE2S	9606.ENSP00000209728	9606.ENSP00000264552	0	0	0	0	0.206	0.060	0.900	0.298	0.940
CDC6	RFC3	9606.ENSP00000209728	9606.ENSP00000369411	0.093	0	0	0	0.640	0.212	0.900	0.433	0.982
CDC6	UBE2C	9606.ENSP00000209728	9606.ENSP00000348838	0	0	0	0	0.722	0.060	0.900	0.465	0.984
CDC6	DTL	9606.ENSP00000209728	9606.ENSP00000355958	0	0	0	0	0.967	0	0	0.694	0.989
CDC6	CDK1	9606.ENSP00000209728	9606.ENSP00000378699	0	0	0	0	0.816	0.747	0	0.871	0.993
CDH3	TACSTD2	9606.ENSP00000264012	9606.ENSP00000360269	0	0	0	0	0.241	0	0	0.295	0.442
CDHR2	CDHR5	9606.ENSP00000424565	9606.ENSP00000351118	0	0	0	0	0.285	0.747	0	0.924	0.985
CDHR2	PTPRH	9606.ENSP00000424565	9606.ENSP00000365528	0	0	0	0	0.093	0.143	0	0.319	0.424
CDHR2	DPEP1	9606.ENSP00000424565	9606.ENSP00000376807	0	0	0	0	0.092	0	0	0.496	0.523
CDHR2	MYO1A	9606.ENSP00000424565	9606.ENSP00000393392	0	0	0	0	0.184	0.081	0	0.328	0.452
CDHR5	DPEP1	9606.ENSP00000351118	9606.ENSP00000376807	0	0	0	0	0.108	0	0	0.488	0.523
CDHR5	MYO1A	9606.ENSP00000351118	9606.ENSP00000393392	0	0	0	0	0.299	0.081	0	0.321	0.524
CDK1	TRIP13	9606.ENSP00000378699	9606.ENSP00000166345	0	0	0	0	0.959	0.063	0	0.314	0.971
CDK1	DLGAP5	9606.ENSP00000378699	9606.ENSP00000247191	0	0	0	0	0.991	0.347	0	0.505	0.996
CDK1	CSE1L	9606.ENSP00000378699	9606.ENSP00000262982	0	0	0	0	0.397	0	0	0.075	0.418
CDK1	UBE2S	9606.ENSP00000378699	9606.ENSP00000264552	0	0	0	0	0.267	0.101	0.600	0.342	0.803
CDK1	MAD2L1	9606.ENSP00000378699	9606.ENSP00000296509	0	0	0	0	0.991	0.152	0.600	0.689	0.998
CDK1	TPX2	9606.ENSP00000378699	9606.ENSP00000300403	0	0	0	0	0.927	0	0	0.572	0.967
CDK1	FANCI	9606.ENSP00000378699	9606.ENSP00000310842	0	0	0	0	0.842	0	0	0.230	0.873
CDK1	PMAIP1	9606.ENSP00000378699	9606.ENSP00000326119	0	0	0	0	0.111	0	0	0.421	0.463
CDK1	CENPA	9606.ENSP00000378699	9606.ENSP00000336868	0	0	0	0	0.821	0.106	0	0.583	0.927
CDK1	FOXM1	9606.ENSP00000378699	9606.ENSP00000342307	0	0	0	0	0.835	0.543	0.900	0.643	0.996
CDK1	UBE2C	9606.ENSP00000378699	9606.ENSP00000348838	0	0	0	0	0.978	0.101	0.600	0.626	0.996
CDK1	RRM2	9606.ENSP00000378699	9606.ENSP00000353770	0	0	0	0	0.972	0.463	0	0.546	0.992
CDK1	DTL	9606.ENSP00000378699	9606.ENSP00000355958	0	0	0	0	0.854	0.270	0	0.516	0.944
CDK1	NEK2	9606.ENSP00000378699	9606.ENSP00000355966	0	0	0.345	0.740	0.922	0	0	0.625	0.940
CDK1	PRKACB	9606.ENSP00000378699	9606.ENSP00000359719	0	0	0.407	0.683	0.062	0.076	0.900	0.252	0.922
CDK1	CEP55	9606.ENSP00000378699	9606.ENSP00000360540	0	0	0	0	0.935	0.213	0	0.466	0.970
CDK1	RFC3	9606.ENSP00000378699	9606.ENSP00000369411	0	0	0	0	0.956	0.078	0	0.287	0.968
CDK1	ECT2	9606.ENSP00000378699	9606.ENSP00000376457	0	0	0	0	0.957	0.241	0	0.616	0.986
CDK1	PRC1	9606.ENSP00000378699	9606.ENSP00000377793	0	0	0	0	0.966	0.425	0	0.483	0.989
CEACAM7	CLCA4	9606.ENSP00000006724	9606.ENSP00000359594	0	0	0	0	0.189	0	0	0.292	0.401
CENPA	TRIP13	9606.ENSP00000336868	9606.ENSP00000166345	0	0	0	0	0.764	0.057	0	0.248	0.818
CENPA	DLGAP5	9606.ENSP00000336868	9606.ENSP00000247191	0	0	0	0	0.805	0	0	0.460	0.890
CENPA	MAD2L1	9606.ENSP00000336868	9606.ENSP00000296509	0	0	0	0	0.796	0.161	0	0.484	0.904
CENPA	TPX2	9606.ENSP00000336868	9606.ENSP00000300403	0	0	0	0	0.824	0	0	0.471	0.903
CENPA	FANCI	9606.ENSP00000336868	9606.ENSP00000310842	0	0	0	0	0.729	0	0	0.189	0.771
CENPA	RFC3	9606.ENSP00000336868	9606.ENSP00000369411	0	0	0	0	0.340	0.124	0	0.164	0.475
CENPA	ECT2	9606.ENSP00000336868	9606.ENSP00000376457	0	0	0	0	0.439	0	0	0.329	0.607
CENPA	DTL	9606.ENSP00000336868	9606.ENSP00000355958	0	0	0	0	0.774	0	0	0	0.774
CENPA	PRC1	9606.ENSP00000336868	9606.ENSP00000377793	0	0	0	0	0.786	0.077	0	0.269	0.843
CENPA	RRM2	9606.ENSP00000336868	9606.ENSP00000353770	0	0	0	0	0.807	0	0	0.401	0.880
CENPA	FOXM1	9606.ENSP00000336868	9606.ENSP00000342307	0	0	0	0	0.766	0.090	0	0.507	0.885
CENPA	CEP55	9606.ENSP00000336868	9606.ENSP00000360540	0	0	0	0	0.819	0	0	0.393	0.885
CENPA	NEK2	9606.ENSP00000336868	9606.ENSP00000355966	0	0	0	0	0.772	0	0	0.517	0.885
CENPA	UBE2C	9606.ENSP00000336868	9606.ENSP00000348838	0	0	0	0	0.892	0.062	0	0.455	0.939
CEP55	TRIP13	9606.ENSP00000360540	9606.ENSP00000166345	0	0	0	0	0.817	0	0	0.329	0.872
CEP55	DLGAP5	9606.ENSP00000360540	9606.ENSP00000247191	0	0	0	0	0.937	0	0	0.574	0.972
CEP55	MAD2L1	9606.ENSP00000360540	9606.ENSP00000296509	0	0	0	0	0.840	0	0	0.283	0.880
CEP55	TPX2	9606.ENSP00000360540	9606.ENSP00000300403	0	0	0	0	0.859	0	0	0.421	0.914
CEP55	FANCI	9606.ENSP00000360540	9606.ENSP00000310842	0	0	0	0	0.805	0	0	0.159	0.829
CEP55	FOXM1	9606.ENSP00000360540	9606.ENSP00000342307	0	0	0	0	0.826	0	0	0.583	0.924
CEP55	UBE2C	9606.ENSP00000360540	9606.ENSP00000348838	0	0	0	0	0.911	0	0	0.564	0.959
CEP55	TEAD4	9606.ENSP00000360540	9606.ENSP00000352926	0	0	0	0	0.124	0.481	0	0	0.525
CEP55	RRM2	9606.ENSP00000360540	9606.ENSP00000353770	0	0	0	0	0.919	0	0	0.562	0.963
CEP55	DTL	9606.ENSP00000360540	9606.ENSP00000355958	0	0	0	0	0.829	0	0	0.269	0.870
CEP55	NEK2	9606.ENSP00000360540	9606.ENSP00000355966	0	0	0	0	0.871	0	0	0.483	0.930
CEP55	RFC3	9606.ENSP00000360540	9606.ENSP00000369411	0	0	0	0	0.545	0	0	0	0.545
CEP55	ECT2	9606.ENSP00000360540	9606.ENSP00000376457	0	0	0	0	0.792	0.270	0	0.433	0.906
CEP55	PRC1	9606.ENSP00000360540	9606.ENSP00000377793	0	0	0	0	0.834	0	0	0.476	0.909
CFD	FABP4	9606.ENSP00000332139	9606.ENSP00000256104	0	0	0	0	0.176	0	0	0.635	0.686
CFD	SPP1	9606.ENSP00000332139	9606.ENSP00000378517	0	0	0	0	0	0.056	0	0.400	0.409
CHGA	SLC30A10	9606.ENSP00000216492	9606.ENSP00000355893	0	0	0	0	0	0	0	0.460	0.459
CHGA	SOX9	9606.ENSP00000216492	9606.ENSP00000245479	0	0	0	0	0	0	0	0.480	0.480
CHGA	LGR5	9606.ENSP00000216492	9606.ENSP00000266674	0	0	0	0	0	0	0	0.648	0.648
CHGA	PYY	9606.ENSP00000216492	9606.ENSP00000353198	0	0	0	0	0.085	0	0	0.637	0.653
CHGA	STMN2	9606.ENSP00000216492	9606.ENSP00000429243	0	0	0	0	0.366	0	0	0.544	0.699
CHGA	GCG	9606.ENSP00000216492	9606.ENSP00000387662	0	0	0	0	0.130	0	0	0.729	0.755
CHGA	SST	9606.ENSP00000216492	9606.ENSP00000287641	0	0	0	0	0.361	0	0	0.846	0.897
CHP2	MS4A12	9606.ENSP00000300113	9606.ENSP00000016913	0	0	0	0	0	0	0	0.413	0.412
CHRDL1	GREM2	9606.ENSP00000361112	9606.ENSP00000318650	0	0	0	0	0.062	0	0	0.563	0.572
CKB	CSE1L	9606.ENSP00000299198	9606.ENSP00000262982	0	0	0	0	0.063	0.430	0	0	0.443
CKB	NME1	9606.ENSP00000299198	9606.ENSP00000337060	0	0	0	0	0.105	0.345	0	0.152	0.459
CLCA4	MS4A12	9606.ENSP00000359594	9606.ENSP00000016913	0	0	0	0	0.099	0	0	0.651	0.672
CLCA4	SI	9606.ENSP00000359594	9606.ENSP00000264382	0	0	0	0	0.142	0	0	0.413	0.474
CLCA4	SLC26A3	9606.ENSP00000359594	9606.ENSP00000345873	0	0	0	0	0.152	0	0	0.391	0.461
CLCA4	GUCA2A	9606.ENSP00000359594	9606.ENSP00000349493	0	0	0	0	0.152	0	0	0.579	0.628
CLCA4	SLC4A4	9606.ENSP00000359594	9606.ENSP00000393557	0	0	0	0	0.084	0	0	0.391	0.418
CLCA4	GUCA2B	9606.ENSP00000359594	9606.ENSP00000361662	0	0	0	0	0.088	0	0	0.456	0.482
CLCA4	PLA2G10	9606.ENSP00000359594	9606.ENSP00000393847	0	0	0	0	0	0	0	0.560	0.560
CLCA4	ZG16	9606.ENSP00000359594	9606.ENSP00000383563	0	0	0	0	0	0	0	0.565	0.565
CLEC3B	TGFBI	9606.ENSP00000296130	9606.ENSP00000416330	0	0	0	0	0.082	0	0	0.397	0.423
CLEC3B	PLAU	9606.ENSP00000296130	9606.ENSP00000361850	0	0	0	0	0	0	0	0.451	0.451
CLEC3B	TNXB	9606.ENSP00000296130	9606.ENSP00000407685	0	0	0	0	0.213	0.158	0	0.256	0.463
CLEC3B	SEPP1	9606.ENSP00000296130	9606.ENSP00000420939	0	0	0	0	0.108	0	0.300	0.275	0.507
CLIC5	PTPRR	9606.ENSP00000185206	9606.ENSP00000283228	0	0	0	0	0	0	0	0.530	0.530
COL10A1	COL1A1	9606.ENSP00000327368	9606.ENSP00000225964	0	0	0.436	0.752	0.108	0	0.300	0.758	0.523
COL10A1	SOX9	9606.ENSP00000327368	9606.ENSP00000245479	0	0	0	0	0.062	0	0	0.846	0.849
COL10A1	COL1A2	9606.ENSP00000327368	9606.ENSP00000297268	0	0	0.444	0.725	0.108	0	0.300	0.572	0.511
COL10A1	MMP3	9606.ENSP00000327368	9606.ENSP00000299855	0	0	0	0	0	0	0	0.473	0.473
COL10A1	COL4A1	9606.ENSP00000327368	9606.ENSP00000364979	0	0	0.426	0.725	0.062	0	0.300	0.300	0.436
COL10A1	COL5A2	9606.ENSP00000327368	9606.ENSP00000364000	0	0	0.442	0.726	0.097	0	0.300	0.491	0.491
COL10A1	SPP1	9606.ENSP00000327368	9606.ENSP00000378517	0	0	0	0	0	0	0	0.514	0.514
COL10A1	GUCA2A	9606.ENSP00000327368	9606.ENSP00000349493	0	0	0	0	0	0	0	0.536	0.536
COL10A1	COL11A1	9606.ENSP00000327368	9606.ENSP00000359114	0	0	0.422	0.772	0.202	0	0.300	0.675	0.550
COL11A1	COL1A1	9606.ENSP00000359114	9606.ENSP00000225964	0	0	0.430	0.852	0.270	0	0.720	0.669	0.819
COL11A1	SOX9	9606.ENSP00000359114	9606.ENSP00000245479	0	0	0	0	0.088	0.056	0	0.507	0.538
COL11A1	COL1A2	9606.ENSP00000359114	9606.ENSP00000297268	0	0	0.435	0.847	0.343	0.248	0.900	0.617	0.954
COL11A1	MMP3	9606.ENSP00000359114	9606.ENSP00000299855	0	0	0	0	0	0.059	0	0.415	0.426
COL11A1	THBS2	9606.ENSP00000359114	9606.ENSP00000355751	0	0	0	0	0.181	0.057	0	0.528	0.603
COL11A1	COL4A1	9606.ENSP00000359114	9606.ENSP00000364979	0	0	0.385	0.678	0.180	0.155	0.300	0.552	0.613
COL11A1	COL5A2	9606.ENSP00000359114	9606.ENSP00000364000	0	0	0.434	0.846	0.415	0.236	0.720	0.737	0.886
COL1A1	FAP	9606.ENSP00000225964	9606.ENSP00000188790	0	0	0	0	0.539	0	0	0.204	0.618
COL1A1	TIMP1	9606.ENSP00000225964	9606.ENSP00000218388	0	0	0	0	0.145	0	0	0.716	0.747
COL1A1	KLF4	9606.ENSP00000225964	9606.ENSP00000363804	0	0	0	0	0.062	0.057	0	0.391	0.414
COL1A1	FABP4	9606.ENSP00000225964	9606.ENSP00000256104	0	0	0	0	0.062	0	0	0.412	0.425
COL1A1	INHBA	9606.ENSP00000225964	9606.ENSP00000242208	0	0	0	0	0.138	0.080	0	0.336	0.427
COL1A1	TNXB	9606.ENSP00000225964	9606.ENSP00000407685	0	0	0	0	0.065	0	0	0.419	0.433
COL1A1	MMP12	9606.ENSP00000225964	9606.ENSP00000458585	0	0	0	0	0.076	0.059	0	0.423	0.454
COL1A1	SULF1	9606.ENSP00000225964	9606.ENSP00000260128	0	0	0	0	0.291	0	0	0.294	0.478
COL1A1	MMP7	9606.ENSP00000225964	9606.ENSP00000260227	0	0	0	0	0.093	0.059	0	0.449	0.489
COL1A1	SFRP4	9606.ENSP00000225964	9606.ENSP00000410715	0	0	0	0	0.231	0	0	0.367	0.492
COL1A1	CXCL12	9606.ENSP00000225964	9606.ENSP00000379140	0	0	0	0	0.241	0	0	0.425	0.544
COL1A1	MATN2	9606.ENSP00000225964	9606.ENSP00000254898	0	0	0	0	0.223	0.341	0	0.253	0.584
COL1A1	TGFBI	9606.ENSP00000225964	9606.ENSP00000416330	0	0	0	0	0.230	0.263	0	0.428	0.647
COL1A1	LOXL2	9606.ENSP00000225964	9606.ENSP00000373783	0	0	0	0	0.294	0.061	0	0.514	0.649
COL1A1	MMP1	9606.ENSP00000225964	9606.ENSP00000322788	0	0	0	0	0.128	0.059	0	0.611	0.653
COL1A1	THBS2	9606.ENSP00000225964	9606.ENSP00000355751	0	0	0	0	0.310	0.057	0	0.518	0.659
COL1A1	MMP3	9606.ENSP00000225964	9606.ENSP00000299855	0	0	0	0	0.159	0.059	0	0.617	0.671
COL1A1	SPP1	9606.ENSP00000225964	9606.ENSP00000378517	0	0	0	0	0.063	0	0	0.714	0.720
COL1A1	SOX9	9606.ENSP00000225964	9606.ENSP00000245479	0	0	0	0	0.088	0.056	0	0.716	0.734
COL1A1	COL4A1	9606.ENSP00000225964	9606.ENSP00000364979	0	0	0.407	0.706	0.576	0.155	0.300	0.753	0.810
COL1A1	COL5A2	9606.ENSP00000225964	9606.ENSP00000364000	0	0	0.444	0.949	0.940	0	0.720	0.796	0.983
COL1A1	COL1A2	9606.ENSP00000225964	9606.ENSP00000297268	0	0	0.443	0.958	0.990	0.559	0.900	0.954	0.999
COL1A2	FAP	9606.ENSP00000297268	9606.ENSP00000188790	0	0	0	0	0.617	0	0	0.119	0.648
COL1A2	TIMP1	9606.ENSP00000297268	9606.ENSP00000218388	0	0	0	0	0.159	0	0	0.652	0.695
COL1A2	INHBA	9606.ENSP00000297268	9606.ENSP00000242208	0	0	0	0	0.136	0.080	0	0.318	0.410
COL1A2	SOX9	9606.ENSP00000297268	9606.ENSP00000245479	0	0	0	0	0.070	0.056	0	0.533	0.554
COL1A2	SULF1	9606.ENSP00000297268	9606.ENSP00000260128	0	0	0	0	0.445	0	0	0.286	0.587
COL1A2	MMP12	9606.ENSP00000297268	9606.ENSP00000458585	0	0	0	0	0.069	0.059	0	0.392	0.421
COL1A2	TNXB	9606.ENSP00000297268	9606.ENSP00000407685	0	0	0	0	0.071	0	0	0.417	0.435
COL1A2	LOXL2	9606.ENSP00000297268	9606.ENSP00000373783	0	0	0	0	0.223	0.056	0	0.407	0.527
COL1A2	CXCL12	9606.ENSP00000297268	9606.ENSP00000379140	0	0	0	0	0.305	0	0	0.365	0.539
COL1A2	SPP1	9606.ENSP00000297268	9606.ENSP00000378517	0	0	0	0	0.087	0	0	0.518	0.541
COL1A2	MMP1	9606.ENSP00000297268	9606.ENSP00000322788	0	0	0	0	0.111	0.059	0	0.635	0.668
COL1A2	MMP3	9606.ENSP00000297268	9606.ENSP00000299855	0	0	0	0	0.147	0.059	0	0.634	0.682
COL1A2	TGFBI	9606.ENSP00000297268	9606.ENSP00000416330	0	0	0	0	0.256	0.391	0	0.418	0.713
COL1A2	THBS2	9606.ENSP00000297268	9606.ENSP00000355751	0	0	0	0	0.677	0.056	0	0.469	0.823
COL1A2	COL4A1	9606.ENSP00000297268	9606.ENSP00000364979	0	0	0.419	0.708	0.565	0.246	0.300	0.708	0.824
COL1A2	COL5A2	9606.ENSP00000297268	9606.ENSP00000364000	0	0	0.446	0.936	0.964	0.400	0.720	0.810	0.993
COL4A1	TIMP1	9606.ENSP00000364979	9606.ENSP00000218388	0	0	0	0	0.099	0	0	0.458	0.490
COL4A1	THBS2	9606.ENSP00000364979	9606.ENSP00000355751	0	0	0	0	0.177	0.056	0.500	0.393	0.732
COL4A1	COL5A2	9606.ENSP00000364979	9606.ENSP00000364000	0	0	0.430	0.699	0.578	0.155	0.300	0.684	0.810
COL4A1	TGFBI	9606.ENSP00000364979	9606.ENSP00000416330	0	0	0	0	0.153	0.263	0	0.329	0.545
COL4A1	SPP1	9606.ENSP00000364979	9606.ENSP00000378517	0	0	0	0	0.076	0	0.500	0.260	0.628
COL4A1	LOXL2	9606.ENSP00000364979	9606.ENSP00000373783	0	0	0	0	0.233	0.426	0	0.350	0.689
COL5A2	FAP	9606.ENSP00000364000	9606.ENSP00000188790	0	0	0	0	0.561	0	0	0.103	0.590
COL5A2	SULF1	9606.ENSP00000364000	9606.ENSP00000260128	0	0	0	0	0.394	0	0	0.229	0.513
COL5A2	THBS2	9606.ENSP00000364000	9606.ENSP00000355751	0	0	0	0	0.277	0.057	0	0.503	0.632
COL5A2	LOXL2	9606.ENSP00000364000	9606.ENSP00000373783	0	0	0	0	0.232	0.061	0	0.312	0.461
COL5A2	TNXB	9606.ENSP00000364000	9606.ENSP00000407685	0	0	0	0	0.063	0	0	0.501	0.512
CPM	DPEP1	9606.ENSP00000448517	9606.ENSP00000376807	0	0	0	0	0	0	0	0.530	0.530
CPM	GCG	9606.ENSP00000448517	9606.ENSP00000387662	0	0	0	0	0	0	0	0.441	0.441
CR2	TNFRSF17	9606.ENSP00000356024	9606.ENSP00000053243	0	0	0	0	0.076	0	0	0.394	0.416
CR2	POU2AF1	9606.ENSP00000356024	9606.ENSP00000376786	0	0	0	0	0.107	0	0	0.375	0.418
CSE1L	UBE2C	9606.ENSP00000262982	9606.ENSP00000348838	0	0	0	0	0.270	0.058	0	0.205	0.406
CSE1L	RFC3	9606.ENSP00000262982	9606.ENSP00000369411	0	0	0	0	0.332	0	0	0.155	0.412
CSE1L	TPX2	9606.ENSP00000262982	9606.ENSP00000300403	0	0	0	0	0.358	0	0	0.293	0.526
CXCL1	TIMP1	9606.ENSP00000379110	9606.ENSP00000218388	0	0	0	0	0.116	0	0	0.595	0.627
CXCL1	MMP7	9606.ENSP00000379110	9606.ENSP00000260227	0	0	0	0	0.167	0	0	0.457	0.529
CXCL1	CXCL3	9606.ENSP00000379110	9606.ENSP00000296026	0	0	0	0.979	0.674	0	0.800	0.805	0.933
CXCL1	MMP3	9606.ENSP00000379110	9606.ENSP00000299855	0	0	0	0	0.123	0	0	0.586	0.622
CXCL1	MMP1	9606.ENSP00000379110	9606.ENSP00000322788	0	0	0	0	0.225	0	0	0.577	0.659
CXCL1	IL6R	9606.ENSP00000379110	9606.ENSP00000357470	0	0	0	0	0	0	0	0.416	0.416
CXCL1	PLAU	9606.ENSP00000379110	9606.ENSP00000361850	0	0	0	0	0.153	0	0	0.381	0.453
CXCL1	SPP1	9606.ENSP00000379110	9606.ENSP00000378517	0	0	0	0	0.085	0	0	0.475	0.499
CXCL1	MMP12	9606.ENSP00000379110	9606.ENSP00000458585	0	0	0	0	0.130	0	0	0.483	0.531
CXCL1	CXCL12	9606.ENSP00000379110	9606.ENSP00000379140	0	0	0	0	0	0	0	0.731	0.731
CXCL1	CXCL2	9606.ENSP00000379110	9606.ENSP00000427279	0	0	0	0.979	0.809	0	0.800	0.876	0.960
CXCL12	FAP	9606.ENSP00000379140	9606.ENSP00000188790	0	0	0	0	0.122	0	0	0.464	0.509
CXCL12	TIMP1	9606.ENSP00000379140	9606.ENSP00000218388	0	0	0	0	0	0	0	0.647	0.647
CXCL12	SFRP1	9606.ENSP00000379140	9606.ENSP00000220772	0	0	0	0	0.136	0	0	0.474	0.526
CXCL12	MMP7	9606.ENSP00000379140	9606.ENSP00000260227	0	0	0	0	0	0	0	0.421	0.420
CXCL12	CXCL3	9606.ENSP00000379140	9606.ENSP00000296026	0	0	0	0	0	0	0	0.558	0.558
CXCL12	MMP3	9606.ENSP00000379140	9606.ENSP00000299855	0	0	0	0	0.074	0	0	0.507	0.523
CXCL12	MET	9606.ENSP00000379140	9606.ENSP00000317272	0	0	0	0	0	0	0	0.626	0.626
CXCL12	MMP1	9606.ENSP00000379140	9606.ENSP00000322788	0	0	0	0	0	0	0	0.505	0.505
CXCL12	THBS2	9606.ENSP00000379140	9606.ENSP00000355751	0	0	0	0	0.161	0	0	0.335	0.418
CXCL12	PRKACB	9606.ENSP00000379140	9606.ENSP00000359719	0	0	0	0	0	0	0.900	0.052	0.901
CXCL12	PLAU	9606.ENSP00000379140	9606.ENSP00000361850	0	0	0	0	0	0	0	0.400	0.400
CXCL12	SPP1	9606.ENSP00000379140	9606.ENSP00000378517	0	0	0	0	0.062	0	0	0.652	0.660
CXCL12	CXCL2	9606.ENSP00000379140	9606.ENSP00000427279	0	0	0	0	0	0.237	0	0.669	0.736
CXCL2	TIMP1	9606.ENSP00000427279	9606.ENSP00000218388	0	0	0	0	0.089	0	0	0.492	0.518
CXCL2	MMP7	9606.ENSP00000427279	9606.ENSP00000260227	0	0	0	0	0.168	0	0	0.390	0.471
CXCL2	CXCL3	9606.ENSP00000427279	9606.ENSP00000296026	0	0	0	0.979	0.705	0	0.800	0.843	0.939
CXCL2	MMP3	9606.ENSP00000427279	9606.ENSP00000299855	0	0	0	0	0.063	0	0	0.488	0.500
CXCL2	MMP1	9606.ENSP00000427279	9606.ENSP00000322788	0	0	0	0	0.097	0	0	0.365	0.402
CXCL2	MMP12	9606.ENSP00000427279	9606.ENSP00000458585	0	0	0	0	0.090	0	0	0.464	0.492
CXCL3	MMP3	9606.ENSP00000296026	9606.ENSP00000299855	0	0	0	0	0.098	0	0	0.368	0.406
CXCL3	MMP1	9606.ENSP00000296026	9606.ENSP00000322788	0	0	0	0	0.155	0	0	0.363	0.439
DHRS11	HSD17B2	9606.ENSP00000482704	9606.ENSP00000199936	0	0	0	0	0.062	0	0.800	0.768	0.952
DHRS11	HSD11B2	9606.ENSP00000482704	9606.ENSP00000316786	0	0	0	0	0.071	0	0	0.431	0.448
DHRS11	SULT1A1	9606.ENSP00000482704	9606.ENSP00000378972	0	0	0	0	0.062	0	0	0.430	0.442
DHRS11	HSD3B2	9606.ENSP00000482704	9606.ENSP00000445122	0	0	0	0	0.062	0.114	0	0.662	0.694
DHRS11	DUSP14	9606.ENSP00000482704	9606.ENSP00000477653	0	0	0	0	0	0	0	0.520	0.520
DLGAP5	TRIP13	9606.ENSP00000247191	9606.ENSP00000166345	0	0	0	0	0.803	0	0	0.325	0.861
DLGAP5	RFC3	9606.ENSP00000247191	9606.ENSP00000369411	0	0	0	0	0.646	0	0	0.125	0.677
DLGAP5	FANCI	9606.ENSP00000247191	9606.ENSP00000310842	0	0	0	0	0.810	0	0	0.166	0.835
DLGAP5	DTL	9606.ENSP00000247191	9606.ENSP00000355958	0	0	0	0	0.847	0	0	0.119	0.860
DLGAP5	ECT2	9606.ENSP00000247191	9606.ENSP00000376457	0	0	0	0	0.805	0	0	0.324	0.863
DLGAP5	FOXM1	9606.ENSP00000247191	9606.ENSP00000342307	0	0	0	0	0.867	0	0	0.362	0.911
DLGAP5	PRC1	9606.ENSP00000247191	9606.ENSP00000377793	0	0	0	0	0.900	0	0	0.235	0.920
DLGAP5	RRM2	9606.ENSP00000247191	9606.ENSP00000353770	0	0	0	0	0.916	0	0	0.518	0.958
DLGAP5	MAD2L1	9606.ENSP00000247191	9606.ENSP00000296509	0	0	0	0	0.930	0	0	0.454	0.960
DLGAP5	NEK2	9606.ENSP00000247191	9606.ENSP00000355966	0	0	0	0	0.931	0	0	0.467	0.961
DLGAP5	UBE2C	9606.ENSP00000247191	9606.ENSP00000348838	0	0	0	0	0.969	0.058	0	0.479	0.983
DLGAP5	TPX2	9606.ENSP00000247191	9606.ENSP00000300403	0	0	0	0	0.964	0	0	0.900	0.996
DTL	TRIP13	9606.ENSP00000355958	9606.ENSP00000166345	0	0	0	0	0.811	0	0	0.062	0.815
DTL	MAD2L1	9606.ENSP00000355958	9606.ENSP00000296509	0	0	0	0	0.817	0	0	0.053	0.819
DTL	TPX2	9606.ENSP00000355958	9606.ENSP00000300403	0	0	0	0	0.821	0	0	0.232	0.856
DTL	FANCI	9606.ENSP00000355958	9606.ENSP00000310842	0	0	0	0	0.826	0	0	0.160	0.848
DTL	FOXM1	9606.ENSP00000355958	9606.ENSP00000342307	0	0	0	0	0.795	0	0	0.142	0.816
DTL	UBE2C	9606.ENSP00000355958	9606.ENSP00000348838	0	0	0	0	0.786	0	0	0.167	0.814
DTL	RRM2	9606.ENSP00000355958	9606.ENSP00000353770	0	0	0	0	0.854	0.137	0	0.411	0.919
DTL	ECT2	9606.ENSP00000355958	9606.ENSP00000376457	0	0	0	0	0.637	0	0	0.103	0.661
DTL	PRC1	9606.ENSP00000355958	9606.ENSP00000377793	0	0	0	0	0.811	0	0	0.103	0.824
DTL	NEK2	9606.ENSP00000355958	9606.ENSP00000355966	0	0	0	0	0.788	0	0	0.203	0.824
DTL	RFC3	9606.ENSP00000355958	9606.ENSP00000369411	0	0	0	0	0.667	0.105	0.600	0.130	0.882
ECT2	TRIP13	9606.ENSP00000376457	9606.ENSP00000166345	0	0	0	0	0.607	0	0	0.135	0.646
ECT2	MAD2L1	9606.ENSP00000376457	9606.ENSP00000296509	0	0	0	0	0.823	0	0	0.270	0.865
ECT2	TPX2	9606.ENSP00000376457	9606.ENSP00000300403	0	0	0	0	0.822	0	0	0.321	0.874
ECT2	FANCI	9606.ENSP00000376457	9606.ENSP00000310842	0	0	0	0	0.626	0	0	0.080	0.641
ECT2	FOXM1	9606.ENSP00000376457	9606.ENSP00000342307	0	0	0	0	0.399	0.148	0	0.249	0.582
ECT2	UBE2C	9606.ENSP00000376457	9606.ENSP00000348838	0	0	0	0	0.706	0	0	0.252	0.771
ECT2	RRM2	9606.ENSP00000376457	9606.ENSP00000353770	0	0	0	0	0.677	0	0	0.245	0.745
ECT2	NEK2	9606.ENSP00000376457	9606.ENSP00000355966	0	0	0	0	0.801	0	0	0.389	0.873
ECT2	RFC3	9606.ENSP00000376457	9606.ENSP00000369411	0	0	0	0	0.315	0.270	0	0.186	0.557
ECT2	PRC1	9606.ENSP00000376457	9606.ENSP00000377793	0	0	0	0	0.916	0	0	0.457	0.952
EDN3	GCG	9606.ENSP00000337128	9606.ENSP00000387662	0	0	0	0	0.129	0	0.500	0.067	0.558
ENTPD5	PDE9A	9606.ENSP00000335246	9606.ENSP00000291539	0	0	0	0	0.062	0	0.650	0	0.657
ENTPD5	ETFDH	9606.ENSP00000335246	9606.ENSP00000426638	0	0	0	0	0	0	0	0.520	0.520
ENTPD5	RRM2	9606.ENSP00000335246	9606.ENSP00000353770	0	0	0	0	0.065	0	0.650	0	0.658
ENTPD5	NME1	9606.ENSP00000335246	9606.ENSP00000337060	0	0	0	0	0.062	0	0.650	0.137	0.691
EPHX2	FABP4	9606.ENSP00000430269	9606.ENSP00000256104	0	0	0	0	0.062	0.249	0	0.236	0.415
EPHX2	SHMT2	9606.ENSP00000430269	9606.ENSP00000333667	0.277	0	0	0	0.049	0	0	0.239	0.431
ETFDH	SLC22A5	9606.ENSP00000426638	9606.ENSP00000245407	0	0	0	0	0.049	0	0	0.459	0.463
ETFDH	MAD2L1	9606.ENSP00000426638	9606.ENSP00000296509	0	0	0	0	0	0	0	0.650	0.650
ETFDH	SLC25A20	9606.ENSP00000426638	9606.ENSP00000326305	0	0	0	0	0.187	0	0	0.592	0.654
FABP4	SOX9	9606.ENSP00000256104	9606.ENSP00000245479	0	0	0	0	0	0	0	0.404	0.404
FABP4	NME1	9606.ENSP00000256104	9606.ENSP00000337060	0	0	0	0	0.063	0.344	0	0.110	0.405
FABP4	PCK1	9606.ENSP00000256104	9606.ENSP00000319814	0	0	0	0	0.064	0	0	0.429	0.443
FABP4	SPP1	9606.ENSP00000256104	9606.ENSP00000378517	0	0	0	0	0	0	0	0.473	0.473
FABP4	SCD	9606.ENSP00000256104	9606.ENSP00000359380	0	0	0	0	0.062	0	0	0.673	0.680
FADS1	SQLE	9606.ENSP00000322229	9606.ENSP00000265896	0.059	0	0	0	0.157	0	0	0.521	0.587
FADS1	SCD	9606.ENSP00000322229	9606.ENSP00000359380	0.041	0	0	0	0.242	0.181	0	0.880	0.919
FANCI	TRIP13	9606.ENSP00000310842	9606.ENSP00000166345	0	0	0	0	0.730	0	0	0.138	0.758
FANCI	MAD2L1	9606.ENSP00000310842	9606.ENSP00000296509	0	0	0	0	0.785	0	0	0.134	0.805
FANCI	TPX2	9606.ENSP00000310842	9606.ENSP00000300403	0	0	0	0	0.803	0	0	0.073	0.810
FANCI	PHLPP2	9606.ENSP00000310842	9606.ENSP00000457991	0	0	0	0	0.062	0.270	0	0.450	0.590
FANCI	NEK2	9606.ENSP00000310842	9606.ENSP00000355966	0	0	0	0	0.694	0	0	0.242	0.758
FANCI	FOXM1	9606.ENSP00000310842	9606.ENSP00000342307	0	0	0	0	0.723	0.078	0	0.155	0.765
FANCI	PRC1	9606.ENSP00000310842	9606.ENSP00000377793	0	0	0	0	0.811	0	0	0.123	0.827
FANCI	UBE2C	9606.ENSP00000310842	9606.ENSP00000348838	0	0	0	0	0.783	0	0	0.250	0.831
FANCI	RRM2	9606.ENSP00000310842	9606.ENSP00000353770	0	0	0	0	0.795	0	0	0.267	0.843
FANCI	RFC3	9606.ENSP00000310842	9606.ENSP00000369411	0	0	0	0	0.538	0	0.900	0.108	0.955
FAP	THBS2	9606.ENSP00000188790	9606.ENSP00000355751	0	0	0	0	0.316	0	0	0.242	0.459
FAP	SI	9606.ENSP00000188790	9606.ENSP00000264382	0	0	0	0	0.063	0	0	0.500	0.511
FAP	PYY	9606.ENSP00000188790	9606.ENSP00000353198	0	0	0	0	0	0.270	0	0.610	0.703
FAP	GCG	9606.ENSP00000188790	9606.ENSP00000387662	0	0	0	0	0.091	0.270	0	0.702	0.785
FHL1	TPX2	9606.ENSP00000377710	9606.ENSP00000300403	0	0	0	0	0	0	0	0.560	0.560
FHL1	NEK2	9606.ENSP00000377710	9606.ENSP00000355966	0	0	0	0	0.065	0	0	0.545	0.557
FHL1	PRC1	9606.ENSP00000377710	9606.ENSP00000377793	0	0	0	0	0	0	0	0.575	0.575
FOXM1	TRIP13	9606.ENSP00000342307	9606.ENSP00000166345	0	0	0	0	0.798	0.061	0	0.265	0.848
FOXM1	SOX9	9606.ENSP00000342307	9606.ENSP00000245479	0	0	0	0	0	0.125	0	0.363	0.419
FOXM1	MAD2L1	9606.ENSP00000342307	9606.ENSP00000296509	0	0	0	0	0.590	0.181	0	0.344	0.760
FOXM1	TPX2	9606.ENSP00000342307	9606.ENSP00000300403	0	0	0	0	0.903	0	0	0.423	0.942
FOXM1	GCG	9606.ENSP00000342307	9606.ENSP00000387662	0	0	0	0	0	0	0	0.504	0.504
FOXM1	NR1H4	9606.ENSP00000342307	9606.ENSP00000447149	0	0	0	0	0	0.062	0	0.685	0.692
FOXM1	TEAD4	9606.ENSP00000342307	9606.ENSP00000352926	0	0	0	0	0.137	0	0	0.716	0.745
FOXM1	NEK2	9606.ENSP00000342307	9606.ENSP00000355966	0	0	0	0	0.676	0	0	0.510	0.834
FOXM1	PRC1	9606.ENSP00000342307	9606.ENSP00000377793	0	0	0	0	0.812	0.163	0	0.157	0.856
FOXM1	RRM2	9606.ENSP00000342307	9606.ENSP00000353770	0	0	0	0	0.814	0.063	0	0.451	0.896
FOXM1	UBE2C	9606.ENSP00000342307	9606.ENSP00000348838	0	0	0	0	0.830	0.071	0	0.572	0.926
FXYD3	S100P	9606.ENSP00000473929	9606.ENSP00000296370	0	0	0	0	0.125	0	0	0.370	0.425
GCG	REG1A	9606.ENSP00000387662	9606.ENSP00000233735	0	0	0	0	0.332	0	0	0.150	0.407
GCG	SOX9	9606.ENSP00000387662	9606.ENSP00000245479	0	0	0	0	0	0	0	0.514	0.514
GCG	SI	9606.ENSP00000387662	9606.ENSP00000264382	0	0	0	0	0.165	0	0	0.805	0.830
GCG	SST	9606.ENSP00000387662	9606.ENSP00000287641	0	0	0	0	0.160	0	0	0.951	0.957
GCG	STC1	9606.ENSP00000387662	9606.ENSP00000290271	0	0	0	0	0	0	0	0.613	0.613
GCG	REG1B	9606.ENSP00000387662	9606.ENSP00000303206	0	0	0	0	0.332	0	0	0.210	0.449
GCG	PCK1	9606.ENSP00000387662	9606.ENSP00000319814	0	0	0	0	0.065	0	0	0.663	0.671
GCG	PYY	9606.ENSP00000387662	9606.ENSP00000353198	0	0	0	0	0.098	0	0	0.914	0.919
GCG	SLC30A10	9606.ENSP00000387662	9606.ENSP00000355893	0	0	0	0	0	0	0	0.506	0.506
GCG	NR1H4	9606.ENSP00000387662	9606.ENSP00000447149	0	0	0	0	0.076	0	0	0.681	0.692
GDF15	TIMP1	9606.ENSP00000252809	9606.ENSP00000218388	0	0	0	0	0.076	0.069	0	0.403	0.441
GDF15	SPP1	9606.ENSP00000252809	9606.ENSP00000378517	0	0	0	0	0.062	0	0	0.457	0.468
GDF15	S100A2	9606.ENSP00000252809	9606.ENSP00000357697	0	0	0	0	0.069	0	0	0.488	0.502
GHR	SST	9606.ENSP00000483403	9606.ENSP00000287641	0	0	0	0	0.064	0	0	0.505	0.516
GHR	SPP1	9606.ENSP00000483403	9606.ENSP00000378517	0	0	0	0	0	0	0	0.484	0.484
GPX3	SLC26A2	9606.ENSP00000373477	9606.ENSP00000286298	0	0	0	0	0.063	0	0	0.486	0.497
GPX3	NR3C2	9606.ENSP00000373477	9606.ENSP00000350815	0	0	0	0	0	0.057	0	0.406	0.415
GPX3	SEPP1	9606.ENSP00000373477	9606.ENSP00000420939	0	0	0	0	0.117	0	0	0.892	0.901
GUCA2A	MS4A12	9606.ENSP00000349493	9606.ENSP00000016913	0	0	0	0	0.136	0	0	0.601	0.640
GUCA2A	MEP1A	9606.ENSP00000349493	9606.ENSP00000230588	0	0	0	0	0.480	0	0	0	0.480
GUCA2A	SI	9606.ENSP00000349493	9606.ENSP00000264382	0	0	0	0	0.524	0	0	0	0.524
GUCA2A	SLC26A3	9606.ENSP00000349493	9606.ENSP00000345873	0	0	0	0	0.472	0	0	0.456	0.700
GUCA2A	PYY	9606.ENSP00000349493	9606.ENSP00000353198	0	0	0	0	0.185	0	0	0.335	0.434
GUCA2A	PTPRH	9606.ENSP00000349493	9606.ENSP00000365528	0	0	0	0	0.089	0	0	0.438	0.466
GUCA2A	ZG16	9606.ENSP00000349493	9606.ENSP00000383563	0	0	0	0	0.214	0	0	0.465	0.561
GUCA2A	GUCA2B	9606.ENSP00000349493	9606.ENSP00000361662	0	0	0	0.807	0.684	0	0	0.869	0.736
GUCA2B	MS4A12	9606.ENSP00000361662	9606.ENSP00000016913	0	0	0	0	0.102	0	0	0.561	0.589
GUCA2B	SLC26A3	9606.ENSP00000361662	9606.ENSP00000345873	0	0	0	0	0.338	0	0	0.380	0.572
GUCA2B	ZG16	9606.ENSP00000361662	9606.ENSP00000383563	0	0	0	0	0.175	0	0	0.460	0.535
HMGCS2	SQLE	9606.ENSP00000358414	9606.ENSP00000265896	0	0	0	0	0.541	0	0	0.710	0.861
HMGCS2	PCK1	9606.ENSP00000358414	9606.ENSP00000319814	0	0	0	0	0.184	0	0	0.602	0.661
HMGCS2	SLC25A20	9606.ENSP00000358414	9606.ENSP00000326305	0	0	0	0	0.062	0	0	0.417	0.430
HMGCS2	SGK2	9606.ENSP00000358414	9606.ENSP00000340608	0	0	0	0	0.385	0	0	0.071	0.405
HMGCS2	NR1H4	9606.ENSP00000358414	9606.ENSP00000447149	0	0	0	0	0.235	0	0	0.290	0.434
HMGCS2	SCD	9606.ENSP00000358414	9606.ENSP00000359380	0	0	0	0	0.062	0	0	0.443	0.455
HPGD	HSD17B2	9606.ENSP00000296522	9606.ENSP00000199936	0	0	0	0	0	0	0	0.436	0.436
HPGD	HSD11B2	9606.ENSP00000296522	9606.ENSP00000316786	0	0	0	0	0.059	0	0	0.768	0.772
HSD11B2	SCNN1B	9606.ENSP00000316786	9606.ENSP00000345751	0	0	0	0	0.110	0	0	0.456	0.495
HSD11B2	NR3C2	9606.ENSP00000316786	9606.ENSP00000350815	0	0	0	0	0	0.056	0	0.943	0.945
HSD11B2	HSD3B2	9606.ENSP00000316786	9606.ENSP00000445122	0	0	0	0	0	0.056	0.900	0.514	0.950
HSD17B2	UGT1A5	9606.ENSP00000199936	9606.ENSP00000362513	0	0	0	0	0.064	0	0.650	0.131	0.690
HSD17B2	UGT1A7	9606.ENSP00000199936	9606.ENSP00000362525	0	0	0	0	0.064	0	0.650	0.131	0.690
HSD17B2	UGT1A9	9606.ENSP00000199936	9606.ENSP00000346768	0	0	0	0	0.064	0	0.650	0.150	0.697
HSD17B2	UGT1A10	9606.ENSP00000199936	9606.ENSP00000343838	0	0	0	0	0.086	0	0.650	0.131	0.697
HSD17B2	UGT1A4	9606.ENSP00000199936	9606.ENSP00000362508	0	0	0	0	0.087	0	0.650	0.131	0.698
HSD17B2	UGT1A8	9606.ENSP00000199936	9606.ENSP00000304845	0	0	0	0	0.088	0	0.650	0.221	0.729
HSD17B2	UGT1A1	9606.ENSP00000199936	9606.ENSP00000362549	0	0	0	0	0.131	0	0.650	0.221	0.742
HSD17B2	HSD3B2	9606.ENSP00000199936	9606.ENSP00000445122	0	0	0	0	0.062	0	0.900	0.635	0.962
HSD3B2	SQLE	9606.ENSP00000445122	9606.ENSP00000265896	0	0	0	0	0.187	0.398	0	0.430	0.697
HSD3B2	UGT1A8	9606.ENSP00000445122	9606.ENSP00000304845	0	0	0	0	0	0.056	0.650	0.072	0.666
HSD3B2	UGT1A10	9606.ENSP00000445122	9606.ENSP00000343838	0	0	0	0	0	0.056	0.650	0.054	0.660
HSD3B2	UGT1A9	9606.ENSP00000445122	9606.ENSP00000346768	0	0	0	0	0	0.056	0.650	0.054	0.660
HSD3B2	NR5A2	9606.ENSP00000445122	9606.ENSP00000356331	0	0	0	0	0	0	0	0.546	0.546
HSD3B2	UGT1A4	9606.ENSP00000445122	9606.ENSP00000362508	0	0	0	0	0	0.056	0.650	0.054	0.660
HSD3B2	UGT1A5	9606.ENSP00000445122	9606.ENSP00000362513	0	0	0	0	0	0.056	0.650	0.054	0.660
HSD3B2	UGT1A7	9606.ENSP00000445122	9606.ENSP00000362525	0	0	0	0	0	0.056	0.650	0.054	0.660
HSD3B2	UGT1A1	9606.ENSP00000445122	9606.ENSP00000362549	0	0	0	0	0	0.056	0.650	0.072	0.666
HSD3B2	NR1H4	9606.ENSP00000445122	9606.ENSP00000447149	0	0	0	0	0.108	0	0	0.383	0.426
IL6R	SFRP1	9606.ENSP00000357470	9606.ENSP00000220772	0	0	0	0	0	0	0	0.447	0.447
INHBA	THBS2	9606.ENSP00000242208	9606.ENSP00000355751	0	0	0	0	0.094	0	0	0.391	0.425
INHBA	MMP1	9606.ENSP00000242208	9606.ENSP00000322788	0	0	0	0	0.155	0	0	0.545	0.599
ITM2A	NEBL	9606.ENSP00000362395	9606.ENSP00000366326	0	0	0	0	0	0	0	0.414	0.414
ITM2A	STMN2	9606.ENSP00000362395	9606.ENSP00000429243	0	0	0	0	0.063	0	0	0.452	0.465
KLF4	SOX9	9606.ENSP00000363804	9606.ENSP00000245479	0	0	0	0	0	0.101	0	0.584	0.610
KLF4	LGR5	9606.ENSP00000363804	9606.ENSP00000266674	0	0	0	0	0	0.060	0	0.469	0.479
KLF4	TEAD4	9606.ENSP00000363804	9606.ENSP00000352926	0	0	0	0	0.062	0.057	0	0.380	0.403
KLF4	NR5A2	9606.ENSP00000363804	9606.ENSP00000356331	0	0	0	0	0	0.066	0	0.605	0.616
KRT6B	TRIM29	9606.ENSP00000252252	9606.ENSP00000343129	0	0	0	0	0.361	0	0	0.134	0.423
LGR5	SFRP1	9606.ENSP00000266674	9606.ENSP00000220772	0	0	0	0	0.065	0	0	0.391	0.406
LGR5	SOX9	9606.ENSP00000266674	9606.ENSP00000245479	0	0	0	0	0.069	0	0	0.696	0.705
LGR5	MMP7	9606.ENSP00000266674	9606.ENSP00000260227	0	0	0	0	0.062	0	0	0.414	0.427
LOXL2	TIMP1	9606.ENSP00000373783	9606.ENSP00000218388	0	0	0	0	0.107	0	0	0.421	0.461
LPAR1	NME1	9606.ENSP00000363553	9606.ENSP00000337060	0	0	0	0	0	0	0	0.521	0.521
LPAR1	RCAN2	9606.ENSP00000363553	9606.ENSP00000360425	0	0	0	0	0.098	0	0	0.441	0.474
LPAR1	NEDD4L	9606.ENSP00000363553	9606.ENSP00000383199	0	0	0	0	0.052	0.345	0	0.228	0.479
MAD2L1	TRIP13	9606.ENSP00000296509	9606.ENSP00000166345	0	0	0	0	0.890	0.965	0	0.511	0.998
MAD2L1	UBE2S	9606.ENSP00000296509	9606.ENSP00000264552	0	0	0	0	0.305	0.066	0.600	0.201	0.765
MAD2L1	TUBAL3	9606.ENSP00000296509	9606.ENSP00000369784	0	0	0	0	0.063	0.248	0	0.238	0.416
MAD2L1	TPX2	9606.ENSP00000296509	9606.ENSP00000300403	0	0	0	0	0.837	0	0	0.518	0.918
MAD2L1	RRM2	9606.ENSP00000296509	9606.ENSP00000353770	0	0	0	0	0.893	0	0	0.488	0.943
MAD2L1	PRC1	9606.ENSP00000296509	9606.ENSP00000377793	0	0	0	0	0.893	0.058	0	0.595	0.955
MAD2L1	RFC3	9606.ENSP00000296509	9606.ENSP00000369411	0	0	0	0	0.923	0.115	0	0.429	0.958
MAD2L1	NEK2	9606.ENSP00000296509	9606.ENSP00000355966	0	0	0	0	0.799	0.270	0.600	0.506	0.967
MAD2L1	UBE2C	9606.ENSP00000296509	9606.ENSP00000348838	0	0	0	0	0.919	0.347	0.600	0.472	0.987
MAOA	TIMP1	9606.ENSP00000340684	9606.ENSP00000218388	0	0	0	0	0.062	0	0	0.432	0.444
MATN2	THBS2	9606.ENSP00000254898	9606.ENSP00000355751	0	0	0	0	0.096	0.079	0	0.369	0.428
MEP1A	MYO1A	9606.ENSP00000230588	9606.ENSP00000393392	0	0	0	0	0.335	0	0	0.142	0.405
MEP1A	SI	9606.ENSP00000230588	9606.ENSP00000264382	0	0	0	0	0.490	0	0	0.547	0.759
MEP1A	MEP1B	9606.ENSP00000230588	9606.ENSP00000269202	0	0	0	0.902	0.196	0.213	0.800	0.852	0.873
MEP1B	SI	9606.ENSP00000269202	9606.ENSP00000264382	0	0	0	0	0.254	0	0	0.549	0.649
MET	SEMA6A	9606.ENSP00000317272	9606.ENSP00000257414	0	0	0	0	0	0.246	0	0.523	0.626
MET	MMP7	9606.ENSP00000317272	9606.ENSP00000260227	0	0	0	0	0	0	0	0.405	0.405
MET	MMP1	9606.ENSP00000317272	9606.ENSP00000322788	0	0	0	0	0.098	0	0	0.366	0.403
MET	SPP1	9606.ENSP00000317272	9606.ENSP00000378517	0	0	0	0	0.062	0.060	0	0.423	0.447
MET	PLAU	9606.ENSP00000317272	9606.ENSP00000361850	0	0	0	0	0.088	0.056	0	0.462	0.496
METTL7A	SLC4A4	9606.ENSP00000448785	9606.ENSP00000393557	0	0	0	0	0	0	0	0.426	0.426
MMP1	TIMP1	9606.ENSP00000322788	9606.ENSP00000218388	0	0	0	0	0.157	0.869	0.900	0.989	0.999
MMP1	MMP7	9606.ENSP00000322788	9606.ENSP00000260227	0	0	0.265	0.919	0.062	0.213	0.900	0.806	0.926
MMP1	MMP3	9606.ENSP00000322788	9606.ENSP00000299855	0	0	0.298	0.953	0.529	0	0.900	0.912	0.953
MMP1	TGFBI	9606.ENSP00000322788	9606.ENSP00000416330	0	0	0	0	0.213	0.151	0	0.216	0.430
MMP1	SPP1	9606.ENSP00000322788	9606.ENSP00000378517	0	0	0	0	0.049	0	0	0.517	0.521
MMP1	PLAU	9606.ENSP00000322788	9606.ENSP00000361850	0	0	0	0	0.198	0	0	0.603	0.668
MMP12	TIMP1	9606.ENSP00000458585	9606.ENSP00000218388	0	0	0	0	0.085	0.180	0	0.761	0.805
MMP12	MMP3	9606.ENSP00000458585	9606.ENSP00000299855	0	0	0.318	0.946	0.298	0	0.300	0.807	0.517
MMP12	PLAU	9606.ENSP00000458585	9606.ENSP00000361850	0	0	0	0	0.076	0	0	0.403	0.425
MMP12	SPP1	9606.ENSP00000458585	9606.ENSP00000378517	0	0	0	0	0.086	0	0	0.459	0.484
MMP3	TIMP1	9606.ENSP00000299855	9606.ENSP00000218388	0	0	0	0	0.111	0.941	0.900	0.989	0.999
MMP3	SOX9	9606.ENSP00000299855	9606.ENSP00000245479	0	0	0	0	0	0.060	0	0.588	0.596
MMP3	TGFBI	9606.ENSP00000299855	9606.ENSP00000416330	0	0	0	0	0.144	0.151	0	0.253	0.409
MMP3	THBS2	9606.ENSP00000299855	9606.ENSP00000355751	0	0	0	0	0.158	0	0	0.418	0.489
MMP3	PLAU	9606.ENSP00000299855	9606.ENSP00000361850	0	0	0	0	0.098	0	0	0.605	0.628
MMP3	SPP1	9606.ENSP00000299855	9606.ENSP00000378517	0	0	0	0	0.062	0.213	0.900	0.811	0.984
MMP7	TIMP1	9606.ENSP00000260227	9606.ENSP00000218388	0	0	0	0	0	0.180	0	0.924	0.936
MMP7	SOX9	9606.ENSP00000260227	9606.ENSP00000245479	0	0	0	0	0	0.060	0	0.401	0.413
MMP7	SERPINB5	9606.ENSP00000260227	9606.ENSP00000372221	0	0	0	0	0	0.056	0	0.419	0.428
MMP7	PLAU	9606.ENSP00000260227	9606.ENSP00000361850	0	0	0	0	0.065	0	0	0.559	0.570
MMP7	SPP1	9606.ENSP00000260227	9606.ENSP00000378517	0	0	0	0	0.062	0.213	0.900	0.618	0.968
MORC4	SGK2	9606.ENSP00000347821	9606.ENSP00000340608	0	0	0	0	0	0	0	0.554	0.554
MS4A12	SLC4A4	9606.ENSP00000016913	9606.ENSP00000393557	0	0	0	0	0	0	0	0.455	0.455
MS4A12	SLC26A3	9606.ENSP00000016913	9606.ENSP00000345873	0	0	0	0	0.139	0	0	0.505	0.555
MS4A12	ZG16	9606.ENSP00000016913	9606.ENSP00000383563	0	0	0	0	0.088	0	0	0.605	0.624
MSLN	SPP1	9606.ENSP00000372313	9606.ENSP00000378517	0	0	0	0	0.062	0	0	0.595	0.603
MT1F	MT1M	9606.ENSP00000334872	9606.ENSP00000369146	0	0	0	0.969	0.553	0	0	0.523	0.559
MTHFD2	SLC7A5	9606.ENSP00000377617	9606.ENSP00000261622	0	0	0	0	0.274	0	0	0.320	0.485
MTHFD2	PPAT	9606.ENSP00000377617	9606.ENSP00000264220	0.218	0	0	0	0.303	0	0	0.587	0.755
MTHFD2	SHMT2	9606.ENSP00000377617	9606.ENSP00000333667	0.167	0	0.229	0	0.542	0	0.900	0.820	0.993
MTHFD2	PSAT1	9606.ENSP00000377617	9606.ENSP00000365773	0.160	0	0	0	0.246	0	0	0.688	0.785
NEDD4L	UBE2S	9606.ENSP00000383199	9606.ENSP00000264552	0	0	0	0	0.062	0.160	0	0.675	0.721
NEDD4L	SGK2	9606.ENSP00000383199	9606.ENSP00000340608	0	0	0	0	0.075	0.125	0.600	0.612	0.857
NEDD4L	SCNN1B	9606.ENSP00000383199	9606.ENSP00000345751	0	0	0	0	0	0.905	0.900	0.864	0.998
NEDD4L	NR3C2	9606.ENSP00000383199	9606.ENSP00000350815	0	0	0	0	0.062	0.063	0	0.462	0.486
NEK2	TRIP13	9606.ENSP00000355966	9606.ENSP00000166345	0	0	0	0	0.702	0.062	0	0.303	0.788
NEK2	UBE2S	9606.ENSP00000355966	9606.ENSP00000264552	0	0	0	0	0.144	0.123	0.600	0.260	0.748
NEK2	TPX2	9606.ENSP00000355966	9606.ENSP00000300403	0	0	0	0	0.860	0	0	0.625	0.945
NEK2	UBE2C	9606.ENSP00000355966	9606.ENSP00000348838	0	0	0	0	0.825	0.123	0.600	0.557	0.969
NEK2	RRM2	9606.ENSP00000355966	9606.ENSP00000353770	0	0	0	0	0.879	0	0	0.403	0.924
NEK2	PRC1	9606.ENSP00000355966	9606.ENSP00000377793	0	0	0	0	0.800	0	0	0.529	0.902
NFE2L3	OSBPL3	9606.ENSP00000056233	9606.ENSP00000315410	0	0	0	0	0.062	0	0	0.668	0.676
NME1	SORD	9606.ENSP00000337060	9606.ENSP00000267814	0	0	0	0	0.074	0.426	0	0.138	0.503
NME1	SERPINB5	9606.ENSP00000337060	9606.ENSP00000372221	0	0	0	0	0.048	0	0	0.436	0.440
NME1	RRM2	9606.ENSP00000337060	9606.ENSP00000353770	0	0	0	0	0.259	0	0.900	0.081	0.926
NR1H4	SLCO4A1	9606.ENSP00000447149	9606.ENSP00000217159	0	0	0	0	0	0	0	0.421	0.420
NR1H4	UGT1A8	9606.ENSP00000447149	9606.ENSP00000304845	0	0	0	0	0.286	0.056	0	0.471	0.613
NR1H4	PCK1	9606.ENSP00000447149	9606.ENSP00000319814	0	0	0	0	0.266	0.057	0	0.341	0.504
NR1H4	UGT1A9	9606.ENSP00000447149	9606.ENSP00000346768	0	0	0	0	0.318	0.056	0	0.153	0.407
NR1H4	PYY	9606.ENSP00000447149	9606.ENSP00000353198	0	0	0	0	0.065	0	0	0.556	0.567
NR1H4	NR5A2	9606.ENSP00000447149	9606.ENSP00000356331	0	0	0	0.594	0.087	0.182	0	0.688	0.434
NR1H4	SCD	9606.ENSP00000447149	9606.ENSP00000359380	0	0	0	0	0.048	0	0	0.517	0.520
NR1H4	UGT1A1	9606.ENSP00000447149	9606.ENSP00000362549	0	0	0	0	0.263	0.056	0	0.471	0.601
NR3C2	SCNN1B	9606.ENSP00000350815	9606.ENSP00000345751	0	0	0	0	0	0.056	0	0.609	0.615
NR5A2	SOX9	9606.ENSP00000356331	9606.ENSP00000245479	0	0	0	0	0	0.232	0	0.416	0.532
NR5A2	SULF1	9606.ENSP00000356331	9606.ENSP00000260128	0	0	0	0	0	0	0	0.566	0.566
PCK1	SCD	9606.ENSP00000319814	9606.ENSP00000359380	0	0	0	0	0.049	0	0	0.603	0.607
PDCD4	SERPINB5	9606.ENSP00000280154	9606.ENSP00000372221	0	0	0	0	0	0	0	0.605	0.605
PDE9A	SERPINB5	9606.ENSP00000291539	9606.ENSP00000372221	0	0	0	0	0	0	0	0.486	0.486
PHLPP2	PPM1H	9606.ENSP00000457991	9606.ENSP00000228705	0	0	0	0	0	0	0	0.445	0.445
PHLPP2	PRKACB	9606.ENSP00000457991	9606.ENSP00000359719	0	0	0	0	0.136	0.182	0	0.321	0.478
PLA2G10	SI	9606.ENSP00000393847	9606.ENSP00000264382	0	0	0	0	0	0	0	0.564	0.564
PLAU	TIMP1	9606.ENSP00000361850	9606.ENSP00000218388	0	0	0	0	0.158	0	0	0.677	0.716
PLAU	SPP1	9606.ENSP00000361850	9606.ENSP00000378517	0	0	0	0	0.076	0.056	0	0.457	0.485
PLAU	SRPX2	9606.ENSP00000361850	9606.ENSP00000362095	0	0	0	0	0.169	0	0	0.430	0.506
PLAU	SERPINB5	9606.ENSP00000361850	9606.ENSP00000372221	0	0	0	0	0	0.120	0	0.661	0.689
POU2AF1	TNFRSF17	9606.ENSP00000376786	9606.ENSP00000053243	0	0	0	0	0.683	0	0	0.416	0.807
POU2AF1	SPIB	9606.ENSP00000376786	9606.ENSP00000471921	0	0	0	0	0.162	0	0	0.635	0.681
PPAT	TPX2	9606.ENSP00000264220	9606.ENSP00000300403	0	0	0	0	0.161	0	0	0.628	0.674
PPAT	SHMT2	9606.ENSP00000264220	9606.ENSP00000333667	0	0	0	0	0.321	0	0	0.563	0.691
PRC1	TRIP13	9606.ENSP00000377793	9606.ENSP00000166345	0	0	0	0	0.807	0.270	0	0	0.853
PRC1	TPX2	9606.ENSP00000377793	9606.ENSP00000300403	0	0	0	0	0.965	0.270	0	0.593	0.988
PRC1	UBE2C	9606.ENSP00000377793	9606.ENSP00000348838	0	0	0	0	0.898	0	0	0.254	0.921
PRC1	RRM2	9606.ENSP00000377793	9606.ENSP00000353770	0	0	0	0	0.836	0	0	0.316	0.883
PRC1	RFC3	9606.ENSP00000377793	9606.ENSP00000369411	0	0	0	0	0.560	0	0	0.142	0.607
PRKACB	SOX9	9606.ENSP00000359719	9606.ENSP00000245479	0	0	0	0	0	0.149	0.800	0.059	0.826
PSAT1	SLC7A5	9606.ENSP00000365773	9606.ENSP00000261622	0	0	0	0	0.111	0.060	0	0.384	0.441
PSAT1	SLC7A11	9606.ENSP00000365773	9606.ENSP00000280612	0	0	0	0	0.130	0.060	0	0.436	0.498
PSAT1	SHMT2	9606.ENSP00000365773	9606.ENSP00000333667	0.047	0	0	0	0.247	0.107	0	0.814	0.865
PYY	SI	9606.ENSP00000353198	9606.ENSP00000264382	0	0	0	0	0.111	0	0	0.391	0.435
PYY	SST	9606.ENSP00000353198	9606.ENSP00000287641	0	0	0	0	0.064	0	0	0.782	0.787
PYY	STC1	9606.ENSP00000353198	9606.ENSP00000290271	0	0	0	0	0.055	0	0	0.537	0.543
REG1A	REG1B	9606.ENSP00000233735	9606.ENSP00000303206	0	0	0.447	0.981	0.777	0.660	0	0.910	0.922
RFC3	TRIP13	9606.ENSP00000369411	9606.ENSP00000166345	0	0	0	0	0.758	0.078	0	0.129	0.789
RFC3	TPX2	9606.ENSP00000369411	9606.ENSP00000300403	0	0	0	0	0.597	0	0	0.166	0.650
RFC3	UBE2C	9606.ENSP00000369411	9606.ENSP00000348838	0	0	0	0	0.758	0.058	0	0.237	0.811
RFC3	RRM2	9606.ENSP00000369411	9606.ENSP00000353770	0	0	0	0	0.798	0	0	0.338	0.861
RRM2	TRIP13	9606.ENSP00000353770	9606.ENSP00000166345	0	0	0	0	0.818	0	0	0.241	0.856
RRM2	UBE2S	9606.ENSP00000353770	9606.ENSP00000264552	0	0	0	0	0.249	0.062	0	0.216	0.400
RRM2	TPX2	9606.ENSP00000353770	9606.ENSP00000300403	0	0	0	0	0.923	0	0	0.414	0.953
RRM2	UBE2C	9606.ENSP00000353770	9606.ENSP00000348838	0	0	0	0	0.921	0.062	0	0.561	0.964
S100A11	TIMP1	9606.ENSP00000271638	9606.ENSP00000218388	0	0	0	0	0.333	0	0	0.181	0.431
S100A2	SERPINB5	9606.ENSP00000357697	9606.ENSP00000372221	0	0	0	0	0.214	0	0	0.290	0.418
SCD	SQLE	9606.ENSP00000359380	9606.ENSP00000265896	0	0	0	0	0.239	0	0	0.613	0.693
SCNN1B	SGK2	9606.ENSP00000345751	9606.ENSP00000340608	0	0	0	0	0	0	0.900	0.182	0.914
SELENBP1	TRIP13	9606.ENSP00000397261	9606.ENSP00000166345	0	0	0	0	0	0.467	0	0	0.467
SELENBP1	SEPP1	9606.ENSP00000397261	9606.ENSP00000420939	0	0	0	0	0.107	0	0	0.456	0.493
SERPINB5	TRIM29	9606.ENSP00000372221	9606.ENSP00000343129	0	0	0	0	0.530	0	0	0.042	0.531
SFRP1	SOX9	9606.ENSP00000220772	9606.ENSP00000245479	0	0	0	0	0.109	0	0	0.392	0.435
SFRP4	SULF1	9606.ENSP00000410715	9606.ENSP00000260128	0	0	0	0	0.163	0	0	0.425	0.498
SI	SLC26A3	9606.ENSP00000264382	9606.ENSP00000345873	0	0	0	0	0.417	0	0	0.053	0.424
SI	UGT1A1	9606.ENSP00000264382	9606.ENSP00000362549	0	0	0	0	0	0	0	0.438	0.438
SI	UGT1A8	9606.ENSP00000264382	9606.ENSP00000304845	0	0	0	0	0.144	0	0	0.432	0.493
SLC17A4	SLC3A1	9606.ENSP00000367137	9606.ENSP00000260649	0	0	0	0	0.094	0	0	0.366	0.401
SLC22A5	SLCO4A1	9606.ENSP00000245407	9606.ENSP00000217159	0	0	0	0	0.052	0	0	0.539	0.544
SLC22A5	SLC7A5	9606.ENSP00000245407	9606.ENSP00000261622	0	0	0	0	0	0.158	0	0.354	0.433
SLC22A5	SLC25A20	9606.ENSP00000245407	9606.ENSP00000326305	0	0	0	0	0.064	0	0	0.641	0.649
SLC26A2	SLC4A4	9606.ENSP00000286298	9606.ENSP00000393557	0	0	0	0	0.049	0	0	0.451	0.455
SLC26A2	SLC30A10	9606.ENSP00000286298	9606.ENSP00000355893	0	0	0	0	0.063	0	0	0.493	0.505
SLC26A3	ZG16	9606.ENSP00000345873	9606.ENSP00000383563	0	0	0	0	0.139	0	0	0.341	0.408
SLC26A3	SLC4A4	9606.ENSP00000345873	9606.ENSP00000393557	0	0	0	0	0	0	0	0.676	0.676
SLC3A1	SLC7A11	9606.ENSP00000260649	9606.ENSP00000280612	0	0	0	0	0.061	0.168	0	0.697	0.743
SLC3A1	SLC7A5	9606.ENSP00000260649	9606.ENSP00000261622	0	0	0	0	0.061	0.168	0	0.709	0.753
SLC7A11	SLC7A5	9606.ENSP00000280612	9606.ENSP00000261622	0	0	0.445	0.934	0.076	0	0.600	0.674	0.641
SOX9	TIMP1	9606.ENSP00000245479	9606.ENSP00000218388	0	0	0	0	0	0.075	0	0.392	0.413
SOX9	SPP1	9606.ENSP00000245479	9606.ENSP00000378517	0	0	0	0	0	0	0	0.666	0.666
SPP1	TIMP1	9606.ENSP00000378517	9606.ENSP00000218388	0	0	0	0	0.143	0	0	0.651	0.688
SPP1	THBS2	9606.ENSP00000378517	9606.ENSP00000355751	0	0	0	0	0.143	0	0.500	0.508	0.770
SST	STMN2	9606.ENSP00000287641	9606.ENSP00000429243	0	0	0	0	0.338	0	0	0.186	0.438
STMN2	SULT1A1	9606.ENSP00000429243	9606.ENSP00000378972	0	0	0	0	0	0.621	0	0.107	0.647
STMN2	VSNL1	9606.ENSP00000429243	9606.ENSP00000384719	0	0	0	0	0.231	0.062	0	0.245	0.408
SULF1	THBS2	9606.ENSP00000260128	9606.ENSP00000355751	0	0	0	0	0.172	0	0	0.325	0.417
SULT1A1	UGT1A8	9606.ENSP00000378972	9606.ENSP00000304845	0	0	0	0	0.063	0	0	0.763	0.768
SULT1A1	SULT1B1	9606.ENSP00000378972	9606.ENSP00000308770	0	0	0.424	0.955	0.062	0	0.600	0.854	0.630
SULT1A1	UGT1A10	9606.ENSP00000378972	9606.ENSP00000343838	0	0	0	0	0.063	0	0	0.481	0.493
SULT1A1	UGT1A9	9606.ENSP00000378972	9606.ENSP00000346768	0	0	0	0	0.063	0	0	0.604	0.613
SULT1A1	UGT1A4	9606.ENSP00000378972	9606.ENSP00000362508	0	0	0	0	0.063	0	0	0.553	0.564
SULT1A1	UGT1A5	9606.ENSP00000378972	9606.ENSP00000362513	0	0	0	0	0.063	0	0	0.466	0.478
SULT1A1	UGT1A7	9606.ENSP00000378972	9606.ENSP00000362525	0	0	0	0	0.063	0	0	0.529	0.540
SULT1A1	UGT1A1	9606.ENSP00000378972	9606.ENSP00000362549	0	0	0	0	0.063	0	0	0.742	0.748
SULT1A1	SULT1A2	9606.ENSP00000378972	9606.ENSP00000378992	0	0	0.449	0.986	0.878	0.802	0.800	0.922	0.994
SULT1A2	UGT1A8	9606.ENSP00000378992	9606.ENSP00000304845	0	0.001	0	0	0.063	0	0	0.524	0.535
SULT1A2	UGT1A9	9606.ENSP00000378992	9606.ENSP00000346768	0	0	0	0	0.063	0	0	0.405	0.419
SULT1A2	UGT1A4	9606.ENSP00000378992	9606.ENSP00000362508	0	0.001	0	0	0.063	0	0	0.508	0.519
SULT1A2	UGT1A1	9606.ENSP00000378992	9606.ENSP00000362549	0	0.001	0	0	0.063	0	0	0.478	0.490
SULT1B1	UGT1A8	9606.ENSP00000308770	9606.ENSP00000304845	0	0.001	0	0	0.066	0	0	0.550	0.561
SULT1B1	UGT1A5	9606.ENSP00000308770	9606.ENSP00000362513	0	0.001	0	0	0.063	0	0	0.392	0.406
SULT1B1	UGT1A1	9606.ENSP00000308770	9606.ENSP00000362549	0	0.001	0	0	0.098	0	0	0.510	0.539
TACSTD2	TGFBI	9606.ENSP00000360269	9606.ENSP00000416330	0	0	0	0	0.096	0	0	0.470	0.501
TGFBI	TIMP1	9606.ENSP00000416330	9606.ENSP00000218388	0	0	0	0	0.174	0	0	0.371	0.458
TGFBI	THBS2	9606.ENSP00000416330	9606.ENSP00000355751	0	0	0	0	0.158	0	0	0.383	0.459
THBS2	TIMP1	9606.ENSP00000355751	9606.ENSP00000218388	0	0	0	0	0.097	0	0	0.505	0.534
TPX2	TRIP13	9606.ENSP00000300403	9606.ENSP00000166345	0	0	0	0	0.824	0	0	0.334	0.878
TPX2	UBE2S	9606.ENSP00000300403	9606.ENSP00000264552	0	0	0	0	0.333	0.271	0	0.136	0.543
TPX2	UBE2C	9606.ENSP00000300403	9606.ENSP00000348838	0	0	0	0	0.950	0	0	0.607	0.979
TRIP13	UBE2S	9606.ENSP00000166345	9606.ENSP00000264552	0	0	0	0	0.212	0.103	0	0.244	0.419
TRIP13	UBE2C	9606.ENSP00000166345	9606.ENSP00000348838	0	0	0	0	0.801	0.103	0	0.406	0.885
UBE2C	UBE2S	9606.ENSP00000348838	9606.ENSP00000264552	0	0	0	0.778	0.704	0.270	0.900	0.905	0.981
UGT1A10	UGT1A9	9606.ENSP00000343838	9606.ENSP00000346768	0	0	0	0.985	0.077	0.718	0	0.870	0.732
UGT1A10	UGT1A7	9606.ENSP00000343838	9606.ENSP00000362525	0	0	0	0.986	0	0.803	0	0.870	0.805
UGT1A4	UGT1A9	9606.ENSP00000362508	9606.ENSP00000346768	0	0	0	0.969	0.338	0.270	0	0.870	0.509
UGT1A7	UGT1A9	9606.ENSP00000362525	9606.ENSP00000346768	0	0	0	0.985	0	0.813	0	0.870	0.815
