"AverageShortestPathLength","BetweennessCentrality","ClosenessCentrality","ClusteringCoefficient","Degree","Eccentricity","IsSingleNode","name","NeighborhoodConnectivity","NumberOfDirectedEdges","NumberOfUndirectedEdges","PartnerOfMultiEdgedNodePairs","Radiality","selected","SelfLoops","shared.name","Stress","TopologicalCoefficient","exprType","latoraClosenessCentrality"
3.74757281553398,0.011509879797598,0.266839378238342,0.166666666666667,4,9,"false","A1CF",7,0,4,0,0.914138349514563,"false",0,"A1CF",1962,0.342105263157895,"down",61.6051587301587
4.74271844660194,0,0.210849539406346,0,1,10,"false","CLMN",4,0,1,0,0.883040048543689,"false",0,"CLMN",0,0,"down",46.6777777777778
3.25728155339806,0.0142592658488958,0.307004470938897,0.464285714285714,8,8,"false","PCK1",9.25,0,8,0,0.929459951456311,"false",0,"PCK1",3154,0.225609756097561,"down",72.0345238095238
3.79611650485437,0.00383177280531201,0.263427109974425,0,3,8,"false","SLC17A4",7,0,3,0,0.912621359223301,"false",0,"SLC17A4",790,0.352941176470588,"down",60.2440476190476
2.87864077669903,0.100390155545126,0.347386172006745,0.183333333333333,16,8,"false","NR1H4",10.1875,0,16,0,0.941292475728155,"false",0,"NR1H4",21540,0.12734375,"down",84.8678571428571
2.93689320388349,0.0391523730292035,0.340495867768595,0.333333333333333,10,7,"false","ABCB1",12.8,0,10,0,0.939472087378641,"false",0,"ABCB1",10690,0.185507246376812,"down",80.3095238095238
2.86893203883495,0.0637287210753659,0.348561759729272,0.164835164835165,14,7,"false","ABCG2",9.57142857142857,0,14,0,0.941595873786408,"false",0,"ABCG2",14554,0.131790744466801,"down",83.5595238095238
3.50970873786408,0.010937305038891,0.284923928077455,0.2,6,8,"false","SLC22A5",6.83333333333333,0,6,0,0.921571601941748,"false",0,"SLC22A5",2012,0.256410256410256,"down",66.4440476190476
3.36893203883495,0.0154607100198572,0.296829971181556,0.3,5,7,"false","SLC7A11",10.8,0,5,0,0.925970873786408,"false",0,"SLC7A11",2348,0.24,"up",69.5190476190476
3.06796116504854,0.0292627630332741,0.325949367088608,0.2,11,8,"false","UGT1A8",11.1818181818182,0,11,0,0.935376213592233,"false",0,"UGT1A8",10988,0.213286713286713,"down",77.3178571428571
3.25728155339806,0.0166482179918578,0.307004470938897,0.424242424242424,12,8,"false","UGT1A9",10.6666666666667,0,12,0,0.929459951456311,"false",0,"UGT1A9",6082,0.248062015503876,"down",74.0773809523809
3.61650485436893,0.00236419198587498,0.276510067114094,0.464285714285714,8,8,"false","UGT1A4",11,0,8,0,0.918234223300971,"false",0,"UGT1A4",1454,0.392857142857143,"down",65.6107142857143
3.06796116504854,0.0292627630332741,0.325949367088608,0.2,11,8,"false","UGT1A1",11.1818181818182,0,11,0,0.935376213592233,"false",0,"UGT1A1",10988,0.213286713286713,"down",77.3178571428571
3.5,0.0232376207163663,0.285714285714286,0.294871794871795,13,8,"false","SULT1A1",8.15384615384615,0,13,0,0.921875,"false",0,"SULT1A1",5068,0.275862068965517,"down",69.5345238095238
2.63106796116505,0.205741030302007,0.380073800738007,0.195564516129032,32,6,"false","CD44",10.96875,0,32,0,0.949029126213592,"false",0,"CD44",42050,0.121839887640449,"up",96.4833333333333
3.5,0.00041804518569272,0.285714285714286,0.666666666666667,3,8,"false","SLCO4A1",12,0,3,0,0.921875,"false",0,"SLCO4A1",116,0.444444444444444,"up",65.2107142857143
3.44660194174757,0.00323083654563273,0.290140845070423,0,3,8,"false","GHR",13.6666666666667,0,3,0,0.923543689320388,"false",0,"GHR",892,0.351851851851852,"down",66.9607142857143
3.58252427184466,0.0186303525283824,0.279132791327913,0,4,8,"false","GPX3",6,0,4,0,0.919296116504854,"false",0,"GPX3",2484,0.25,"down",63.8178571428571
3.10679611650485,0.0063031510934574,0.321875,0.428571428571429,7,7,"false","LGR5",14.1428571428571,0,7,0,0.934162621359223,"false",0,"LGR5",1630,0.252551020408163,"up",75.402380952381
3.29126213592233,0.0125392030069555,0.303834808259587,0.571428571428571,8,7,"false","MET",16.375,0,8,0,0.928398058252427,"false",0,"MET",2946,0.300925925925926,"up",72.902380952381
2.88349514563107,0.0305197320770477,0.346801346801347,0.285714285714286,8,7,"false","KLF4",16.5,0,8,0,0.941140776699029,"false",0,"KLF4",6808,0.191176470588235,"down",82.1690476190476
3.75728155339806,0,0.266149870801034,1,4,8,"false","ACACB",9,0,4,0,0.913834951456311,"false",0,"ACACB",0,0.5,"down",60.9440476190476
3.08252427184466,0.0497740382031302,0.324409448818898,0.244444444444444,10,7,"false","FABP4",11.1,0,10,0,0.934921116504854,"false",0,"FABP4",8498,0.180327868852459,"down",77.4690476190476
3.33980582524272,0.0185418582889118,0.299418604651163,0.333333333333333,10,8,"false","ACOX1",6.8,0,10,0,0.926881067961165,"false",0,"ACOX1",3772,0.206060606060606,"down",71.2107142857143
3.44174757281553,0.00995256050854197,0.290550070521862,0.5,8,8,"false","SCD",7.75,0,8,0,0.923695388349515,"false",0,"SCD",2600,0.267241379310345,"up",68.4440476190476
3.70873786407767,0.00904230196906769,0.269633507853403,0.2,5,9,"false","ETFDH",9.6,0,5,0,0.915351941747573,"false",0,"ETFDH",1098,0.23,"down",65.0634920634921
4.25728155339806,0.000108024143190863,0.234891676168757,0.666666666666667,3,9,"false","FADS1",7.33333333333333,0,3,0,0.898209951456311,"false",0,"FADS1",26,0.611111111111111,"up",53.665873015873
3.6504854368932,0.0180489865799802,0.273936170212766,0.380952380952381,7,9,"false","HMGCS2",7.71428571428571,0,7,0,0.917172330097087,"false",0,"HMGCS2",3922,0.28042328042328,"down",65.0051587301587
3.94174757281553,0.00112628999812808,0.253694581280788,0.5,4,9,"false","SLC25A20",7,0,4,0,0.908070388349515,"false",0,"SLC25A20",130,0.368421052631579,"down",59.1634920634921
3.6504854368932,0.00452277874788376,0.273936170212766,0.333333333333333,3,8,"false","EPHX2",9,0,3,0,0.917172330097087,"false",0,"EPHX2",596,0.412698412698413,"down",62.3440476190476
5.25728155339806,0.0288420554108454,0.190212373037858,0,2,9,"false","ADAMDEC1",2.5,0,2,0,0.866959951456311,"false",0,"ADAMDEC1",8394,0.5,"down",43.1492063492064
4.29126213592233,0.0383226774015313,0.233031674208145,0,3,8,"false","TACSTD2",5,0,3,0,0.897148058252427,"false",0,"TACSTD2",11192,0.363636363636364,"up",53.9797619047619
6.23300970873786,0.0193227563343595,0.160436137071651,0,2,10,"false","SMPDL3A",2,0,2,0,0.836468446601942,"false",0,"SMPDL3A",5600,0.5,"down",36.2646825396825
3.44174757281553,0.0215447992127523,0.290550070521862,0.333333333333333,13,8,"false","ADH1B",8.30769230769231,0,13,0,0.923695388349515,"false",0,"ADH1B",6554,0.267990074441687,"down",70.3345238095238
3.29126213592233,0.0497105681765587,0.303834808259587,0.0952380952380952,7,8,"false","AHCYL2",8.14285714285714,0,7,0,0.928398058252427,"false",0,"AHCYL2",9186,0.197802197802198,"down",71.3011904761905
4.04854368932039,0.01503750622896,0.247002398081535,0.1,5,9,"false","AKR1B10",6.8,0,5,0,0.904733009708738,"false",0,"AKR1B10",3406,0.326315789473684,"down",57.8646825396825
3.90776699029126,0.00106736911819586,0.255900621118012,0.266666666666667,6,9,"false","UGT1A5",10.6666666666667,0,6,0,0.909132281553398,"false",0,"UGT1A5",640,0.444444444444444,"down",60.2884920634921
3.86893203883495,0.000662231470701444,0.258469259723965,0.666666666666667,7,9,"false","UGT1A7",11.2857142857143,0,7,0,0.910345873786408,"false",0,"UGT1A7",464,0.451428571428571,"down",61.4218253968254
3.86893203883495,0.000662231470701444,0.258469259723965,0.666666666666667,7,9,"false","UGT1A10",11.2857142857143,0,7,0,0.910345873786408,"false",0,"UGT1A10",464,0.451428571428571,"down",61.4218253968254
3.83495145631068,0.000164660887401354,0.260759493670886,0.666666666666667,6,9,"false","SULT1A2",11.3333333333333,0,6,0,0.911407766990291,"false",0,"SULT1A2",142,0.515151515151515,"down",60.9956349206349
3.48058252427184,0.01589085352725,0.287308228730823,0.254545454545455,11,8,"false","ADH1C",8.27272727272727,0,11,0,0.922481796116505,"false",0,"ADH1C",5664,0.275757575757576,"down",68.7845238095238
3.52427184466019,0.0153518480600767,0.283746556473829,0.166666666666667,4,7,"false","MAOA",12,0,4,0,0.921116504854369,"false",0,"MAOA",3154,0.328571428571429,"down",65.9095238095238
3.0873786407767,0.0692876290217167,0.323899371069182,0.0833333333333333,9,7,"false","SERPINB5",9.22222222222222,0,9,0,0.934769417475728,"false",0,"SERPINB5",11416,0.167755991285403,"up",76.6595238095238
3.79126213592233,0.0068749237230131,0.263764404609475,0.4,5,9,"false","MTHFD2",5.4,0,5,0,0.912773058252427,"false",0,"MTHFD2",1064,0.3,"up",61.2789682539683
3.39320388349515,0.0243378546579534,0.294706723891273,0.142857142857143,7,8,"false","SHMT2",4.71428571428571,0,7,0,0.925212378640777,"false",0,"SHMT2",3612,0.186335403726708,"up",68.2011904761905
3.58252427184466,0.0203460062951974,0.279132791327913,0,4,8,"false","SELENBP1",9.25,0,4,0,0.919296116504854,"false",0,"SELENBP1",2520,0.25,"down",65.2178571428571
3.82038834951456,0.0339136324283065,0.261753494282084,0.178571428571429,8,9,"false","SLC4A4",5.875,0,8,0,0.91186286407767,"false",0,"SLC4A4",5542,0.22,"down",62.8289682539683
3.79126213592233,0.0115036889773323,0.263764404609475,0,3,9,"false","SORD",6,0,3,0,0.912773058252427,"false",0,"SORD",1664,0.333333333333333,"up",60.1623015873016
3.95145631067961,0.0142877577240182,0.253071253071253,0.133333333333333,6,9,"false","DHRS11",7.83333333333333,0,6,0,0.907766990291262,"false",0,"DHRS11",2406,0.305555555555556,"down",60.1718253968254
5.04368932038835,0,0.198267564966314,0,1,10,"false","DHRS9",5,0,1,0,0.873634708737864,"false",0,"DHRS9",0,0,"down",44.1956349206349
3.61165048543689,1.57865656326466e-05,0.276881720430108,0.833333333333333,4,7,"false","ANK2",13.5,0,4,0,0.918385922330097,"false",0,"ANK2",2,0.421875,"down",64.3357142857143
3.05339805825243,0.0127832860225796,0.327503974562798,0.447619047619048,15,7,"false","MMP7",14.8,0,15,0,0.935831310679612,"false",0,"MMP7",3462,0.224242424242424,"up",80.5357142857143
3.61165048543689,1.57865656326466e-05,0.276881720430108,0.833333333333333,4,7,"false","ANK3",13.5,0,4,0,0.918385922330097,"false",0,"ANK3",2,0.421875,"down",64.3357142857143
3.61650485436893,0,0.276510067114094,1,3,7,"false","EPB41L3",13.3333333333333,0,3,0,0.918234223300971,"false",0,"EPB41L3",0,0.416666666666667,"down",63.8357142857143
3.16019417475728,0.0418928167472043,0.316436251920123,0.138888888888889,9,7,"false","ANPEP",10,0,9,0,0.932493932038835,"false",0,"ANPEP",7782,0.179012345679012,"down",75.2761904761905
3.99514563106796,0.00059030269918417,0.250303766707169,0,2,8,"false","CEACAM7",9.5,0,2,0,0.906401699029126,"false",0,"CEACAM7",140,0.53125,"down",57.3702380952381
4.15533980582524,0,0.240654205607477,0,1,8,"false","CEACAM1",9,0,1,0,0.901395631067961,"false",0,"CEACAM1",0,0,"down",53.7369047619048
3.06310679611651,0.0206934184349135,0.326465927099842,0.361111111111111,9,7,"false","FAP",15.1111111111111,0,9,0,0.935527912621359,"false",0,"FAP",6048,0.251851851851852,"up",76.9595238095238
3.02427184466019,0.0920951039513667,0.330658105939005,0.153846153846154,13,8,"false","SI",8.30769230769231,0,13,0,0.936741504854369,"false",0,"SI",22858,0.146853146853147,"down",79.3845238095238
3.68446601941748,0.00214656824543759,0.271409749670619,0.666666666666667,3,8,"false","MEP1B",8.66666666666667,0,3,0,0.916110436893204,"false",0,"MEP1B",522,0.433333333333333,"down",61.6511904761905
3.36893203883495,0.00262295616239699,0.296829971181556,0.644444444444444,10,7,"false","CXCL2",15.5,0,10,0,0.925970873786408,"false",0,"CXCL2",956,0.31,"up",71.9761904761905
3.28640776699029,0.00497115503862206,0.304283604135894,0.576923076923077,13,7,"false","CXCL1",14.6153846153846,0,13,0,0.928549757281553,"false",0,"CXCL1",1520,0.265734265734266,"up",74.9928571428571
5.00970873786408,0,0.199612403100775,0,1,9,"false","ANXA3",2,0,1,0,0.874696601941748,"false",0,"ANXA3",0,0,"up",44.3313492063492
4.01456310679612,0.00970873786407767,0.249093107617896,0,2,8,"false","S100A11",11,0,2,0,0.905794902912621,"false",0,"S100A11",1740,0.5,"up",57.4702380952381
4.20873786407767,0.00417840379570299,0.23760092272203,0.761904761904762,7,9,"false","AQP8",8.14285714285714,0,7,0,0.899726941747573,"false",0,"AQP8",1260,0.387755102040816,"down",57.2051587301587
4.01941747572816,0.0210963247413285,0.248792270531401,0.472222222222222,9,9,"false","MS4A12",6.88888888888889,0,9,0,0.905643203883495,"false",0,"MS4A12",3730,0.317460317460317,"down",60.3456349206349
4.1504854368932,0.00500507106940387,0.24093567251462,0.714285714285714,7,9,"false","GUCA2B",8.14285714285714,0,7,0,0.901547330097087,"false",0,"GUCA2B",796,0.4,"down",57.7123015873016
4.6747572815534,0.0193227563343595,0.213914849428868,0.333333333333333,3,10,"false","BEST2",6.66666666666667,0,3,0,0.885163834951456,"false",0,"BEST2",4180,0.527777777777778,"down",49.7027777777778
4.22330097087379,0,0.236781609195402,1,6,9,"false","ZG16",9.16666666666667,0,6,0,0.899271844660194,"false",0,"ZG16",0,0.458333333333333,"down",56.4551587301587
3.70388349514563,0.0423508287997106,0.269986893840105,0.4,11,9,"false","SLC26A3",7.27272727272727,0,11,0,0.915503640776699,"false",0,"SLC26A3",9916,0.227272727272727,"down",66.1456349206349
3.56796116504854,0.0209234219879607,0.280272108843537,0.444444444444444,10,8,"false","CLCA4",7.7,0,10,0,0.919751213592233,"false",0,"CLCA4",5408,0.253333333333333,"down",67.3345238095238
3.44660194174757,0.0613294589297856,0.290140845070423,0.345454545454545,11,8,"false","GUCA2A",7.90909090909091,0,11,0,0.923543689320388,"false",0,"GUCA2A",14418,0.193181818181818,"down",70.7011904761905
4.38834951456311,0,0.22787610619469,0,1,9,"false","ASPA",7,0,1,0,0.894114077669903,"false",0,"ASPA",0,0,"down",50.2480158730159
3.50970873786408,0.00016886188541289,0.284923928077455,0.989473684210526,20,9,"false","ATAD2",22.4,0,20,0,0.921571601941748,"false",0,"ATAD2",240,0.546341463414634,"up",73.8384920634921
3.39320388349515,0.0189168028509099,0.294706723891273,0.857142857142857,22,9,"false","TRIP13",21,0,22,0,0.925212378640777,"false",0,"TRIP13",2716,0.476239669421488,"up",76.7384920634921
3.47572815533981,0.000910503633104644,0.287709497206704,0.9004329004329,22,9,"false","CDC6",21.3181818181818,0,22,0,0.922633495145631,"false",0,"CDC6",734,0.507575757575758,"up",75.3051587301587
3.15533980582524,0.0385140008392625,0.316923076923077,0.658461538461538,26,8,"false","AURKA",18.8076923076923,0,26,0,0.932645631067961,"false",0,"AURKA",8000,0.374615384615385,"up",82.677380952381
3.50970873786408,0.00016886188541289,0.284923928077455,0.989473684210526,20,9,"false","DLGAP5",22.4,0,20,0,0.921571601941748,"false",0,"DLGAP5",240,0.546341463414634,"up",73.8384920634921
3.29126213592233,0.0128037841056046,0.303834808259587,0.716666666666667,25,8,"false","CCNB1",19.32,0,25,0,0.928398058252427,"false",0,"CCNB1",4404,0.429333333333333,"up",79.4107142857143
3.47572815533981,0.000910503633104644,0.287709497206704,0.9004329004329,22,9,"false","CCNA2",21.3181818181818,0,22,0,0.922633495145631,"false",0,"CCNA2",734,0.507575757575758,"up",75.3051587301587
2.8495145631068,0.130472794841185,0.350936967632027,0.666666666666667,24,8,"false","FOXM1",20.375,0,24,0,0.942202669902913,"false",0,"FOXM1",27338,0.261217948717949,"up",88.5678571428571
3.46116504854369,0.0117272872415084,0.288920056100982,0.771739130434783,24,9,"false","UBE2C",19.7916666666667,0,24,0,0.92308859223301,"false",0,"UBE2C",2466,0.470238095238095,"up",76.4718253968254
3.85436893203884,0.000323453002543341,0.259445843828715,0.923976608187134,19,9,"false","RFC3",21.5789473684211,0,19,0,0.910800970873786,"false",0,"RFC3",116,0.553306342780027,"up",68.8896825396825
3.5,0.00819394517689447,0.285714285714286,0.895238095238095,21,9,"false","FANCI",21.4285714285714,0,21,0,0.921875,"false",0,"FANCI",1276,0.521486643437863,"up",74.5051587301587
3.50485436893204,0.000274507548718984,0.285318559556787,0.942857142857143,21,9,"false","ECT2",21.8095238095238,0,21,0,0.921723300970874,"false",0,"ECT2",296,0.531939605110337,"up",74.3384920634921
3.50485436893204,0.000274507548718984,0.285318559556787,0.942857142857143,21,9,"false","CENPA",21.8095238095238,0,21,0,0.921723300970874,"false",0,"CENPA",296,0.531939605110337,"up",74.3384920634921
3.47572815533981,0.00372855394476507,0.287709497206704,0.835497835497836,22,9,"false","NEK2",20.5909090909091,0,22,0,0.922633495145631,"false",0,"NEK2",1590,0.49025974025974,"up",75.3051587301587
3.50485436893204,0.00299228357489552,0.285318559556787,0.904761904761905,21,9,"false","PRC1",21.4285714285714,0,21,0,0.921723300970874,"false",0,"PRC1",1332,0.522648083623693,"up",74.3384920634921
3.50485436893204,0.00133209704356056,0.285318559556787,0.9,21,9,"false","CEP55",21.4285714285714,0,21,0,0.921723300970874,"false",0,"CEP55",458,0.522648083623693,"up",74.3384920634921
3.50970873786408,0.00016886188541289,0.284923928077455,0.989473684210526,20,9,"false","DTL",22.4,0,20,0,0.921571601941748,"false",0,"DTL",240,0.546341463414634,"up",73.8384920634921
3.42718446601942,0.0176483470949398,0.291784702549575,0.753623188405797,24,9,"false","MAD2L1",19.7083333333333,0,24,0,0.924150485436893,"false",0,"MAD2L1",2730,0.456395348837209,"up",77.1884920634921
3.4126213592233,0.0157112653595985,0.29302987197724,0.742753623188406,24,9,"false","TPX2",19.5833333333333,0,24,0,0.924605582524272,"false",0,"TPX2",3506,0.444128787878788,"up",77.3718253968254
3.27184466019417,0.0183739958998028,0.305637982195846,0.667692307692308,26,8,"false","CDK1",18.7692307692308,0,26,0,0.929004854368932,"false",0,"CDK1",5016,0.399345335515548,"up",80.3273809523809
3.38349514563107,0.0125333747425056,0.295552367288379,0.790513833992095,23,9,"false","RRM2",20.3913043478261,0,23,0,0.925515776699029,"false",0,"RRM2",2362,0.42481884057971,"up",77.7051587301587
3.24757281553398,0.0560581202511985,0.307922272047833,0.0714285714285714,8,8,"false","NME1",10,0,8,0,0.929763349514563,"false",0,"NME1",7766,0.191326530612245,"up",73.7440476190476
4.04368932038835,0.00201276476141377,0.247298919567827,0.714285714285714,7,9,"false","CSE1L",20.8571428571429,0,7,0,0.904884708737864,"false",0,"CSE1L",592,0.647321428571429,"up",60.7253968253968
3.80582524271845,0.0125433600095533,0.262755102040816,0.833333333333333,12,9,"false","UBE2S",22.0833333333333,0,12,0,0.912317961165048,"false",0,"UBE2S",3384,0.55,"up",66.6730158730159
4.1504854368932,0,0.24093567251462,0,1,9,"false","PHLDA1",26,0,1,0,0.901547330097087,"false",0,"PHLDA1",0,0,"up",55.9420634920635
3.63592233009709,0,0.275033377837116,1,11,9,"false","CDC25B",23.3636363636364,0,11,0,0.917627427184466,"false",0,"CDC25B",0,0.631449631449631,"up",67.8384920634921
4.45631067961165,0,0.224400871459695,0,1,10,"false","AZGP1",24,0,1,0,0.891990291262136,"false",0,"AZGP1",0,0,"up",52.5849206349206
3.70873786407767,0.00682939460140479,0.269633507853403,0,3,8,"false","BCHE",7.33333333333333,0,3,0,0.915351941747573,"false",0,"BCHE",1092,0.333333333333333,"down",61.4345238095238
3.94174757281553,0.0121936394923243,0.253694581280788,0.1,5,9,"false","CA1",3.4,0,5,0,0.908070388349515,"false",0,"CA1",1544,0.233333333333333,"down",58.8146825396825
3.65533980582524,0.00828917850396837,0.273572377158035,0.133333333333333,6,8,"false","BCL2",7.5,0,6,0,0.917020631067961,"false",0,"BCL2",1370,0.2,"down",65.802380952381
3.81553398058252,0.010392311704066,0.262086513994911,0.166666666666667,4,9,"false","PPAT",10.5,0,4,0,0.912014563106796,"false",0,"PPAT",1288,0.285714285714286,"up",62.3980158730159
3.83495145631068,0.00298816040747736,0.260759493670886,0,3,8,"false","PDE9A",6.33333333333333,0,3,0,0.911407766990291,"false",0,"PDE9A",526,0.355555555555556,"down",60.072619047619
4.26699029126214,0.000664554986950976,0.234357224118316,0,2,9,"false","C7",4.5,0,2,0,0.897906553398058,"false",0,"C7",108,0.5,"down",53.7349206349206
3.26699029126214,0.0196014008958434,0.306092124814264,0.333333333333333,4,7,"false","PMAIP1",22.25,0,4,0,0.929156553398058,"false",0,"PMAIP1",4982,0.366666666666667,"up",72.352380952381
3.30097087378641,0.0213762350456519,0.302941176470588,0.133333333333333,6,8,"false","PRKACB",16.1666666666667,0,6,0,0.928094660194175,"false",0,"PRKACB",4702,0.284848484848485,"down",72.3940476190476
5.66019417475728,0.00970873786407767,0.176672384219554,0,2,11,"false","CLIC5",2,0,2,0,0.854368932038835,"false",0,"CLIC5",2092,0.5,"down",40.0246392496393
3.02912621359223,0.0106700911524152,0.330128205128205,0.542483660130719,18,6,"false","BGN",15.3333333333333,0,18,0,0.936589805825243,"false",0,"BGN",3982,0.255555555555556,"up",81.35
3.02912621359223,0.0458077072731204,0.330128205128205,0.428571428571429,21,7,"false","TIMP1",14.3333333333333,0,21,0,0.936589805825243,"false",0,"TIMP1",10062,0.226001511715797,"up",83.2928571428571
2.8495145631068,0.0543867822033771,0.350936967632027,0.332307692307692,26,6,"false","COL1A1",12.6538461538462,0,26,0,0.942202669902913,"false",0,"COL1A1",12724,0.180769230769231,"up",88.4166666666667
3.79126213592233,5.26218854421554e-06,0.263764404609475,0.9,5,7,"false","INHBA",19.2,0,5,0,0.912773058252427,"false",0,"INHBA",2,0.619354838709677,"up",62.1690476190476
2.66504854368932,0.107280397848271,0.375227686703097,0.274853801169591,19,7,"false","SOX9",14.6315789473684,0,19,0,0.947967233009709,"false",0,"SOX9",25302,0.148764769065521,"up",91.0595238095238
3.83495145631068,0,0.260759493670886,1,3,7,"false","MATN2",19.6666666666667,0,3,0,0.911407766990291,"false",0,"MATN2",0,0.756410256410256,"down",60.1690476190476
3.62621359223301,0.00332588603101845,0.275769745649264,0.523809523809524,7,7,"false","SULF1",14,0,7,0,0.917930825242718,"false",0,"SULF1",900,0.494897959183673,"up",64.9190476190476
3.00485436893204,0.0159225492088906,0.332794830371567,0.452380952380952,21,6,"false","COL1A2",14.0952380952381,0,21,0,0.937348300970874,"false",0,"COL1A2",6070,0.227342549923195,"up",83.1833333333333
3.02427184466019,0.0103329101587124,0.330658105939005,0.555555555555556,18,6,"false","MMP3",15.9444444444444,0,18,0,0.936741504854369,"false",0,"MMP3",4082,0.261384335154827,"up",81.5166666666667
3.30097087378641,0.00400234973497874,0.302941176470588,0.583333333333333,16,7,"false","MMP1",16,0,16,0,0.928094660194175,"false",0,"MMP1",1572,0.280701754385965,"up",76.3095238095238
3.07766990291262,0.0179774382605358,0.324921135646688,0.457516339869281,18,7,"false","CXCL12",15.1111111111111,0,18,0,0.935072815533981,"false",0,"CXCL12",5216,0.245901639344262,"down",81.1595238095238
3.19902912621359,0.0353107574983334,0.312594840667678,0.666666666666667,10,7,"false","COL10A1",16.7,0,10,0,0.931280339805825,"false",0,"COL10A1",8758,0.319230769230769,"up",74.7595238095238
3.34466019417476,0.0387425424293963,0.298984034833091,0.581818181818182,11,7,"false","TGFBI",16.9090909090909,0,11,0,0.926729368932039,"false",0,"TGFBI",11740,0.327985739750446,"up",73.0928571428571
3.39320388349515,0.000566547532978826,0.294706723891273,0.833333333333333,9,7,"false","COL11A1",16.6666666666667,0,9,0,0.925212378640777,"false",0,"COL11A1",266,0.43859649122807,"up",70.0095238095238
2.90776699029126,0.0374948888349202,0.343906510851419,0.376623376623377,22,7,"false","SPP1",13.8181818181818,0,22,0,0.940382281553398,"false",0,"SPP1",8248,0.199604743083004,"up",85.8928571428571
3.49029126213592,0.0020460362138067,0.286509040333797,0.581818181818182,11,7,"false","COL5A2",12.3636363636364,0,11,0,0.922178398058252,"false",0,"COL5A2",756,0.37465564738292,"up",68.8428571428571
3.36407766990291,0.00407316644563996,0.297258297258297,0.523809523809524,15,6,"false","THBS2",14.0666666666667,0,15,0,0.926122572815534,"false",0,"THBS2",1598,0.305797101449275,"up",73.6333333333333
3.2621359223301,0.00346925694862727,0.306547619047619,0.681818181818182,12,6,"false","COL4A1",16.75,0,12,0,0.929308252427185,"false",0,"COL4A1",1454,0.316037735849057,"up",74.5833333333333
7.21844660194175,0.00970873786407767,0.138533960995293,0,2,11,"false","C1orf115",1.5,0,2,0,0.80567354368932,"false",0,"C1orf115",2802,0.5,"down",31.2329725829726
8.21359223300971,0,0.121749408983452,0,1,12,"false","LRRC19",2,0,1,0,0.774575242718447,"false",0,"LRRC19",0,0,"down",26.8945887445887
3.68932038834951,0.00580119231093329,0.271052631578947,0.333333333333333,3,8,"false","CFD",11.3333333333333,0,3,0,0.915958737864078,"false",0,"CFD",1130,0.379310344827586,"down",62.7607142857143
4.21359223300971,0.00310940921850457,0.237327188940092,0.333333333333333,4,10,"false","CA2",6.75,0,4,0,0.899575242718447,"false",0,"CA2",458,0.355263157894737,"down",55.5742063492063
4.52427184466019,0.00135871771557303,0.221030042918455,0.333333333333333,3,10,"false","CA7",5.33333333333333,0,3,0,0.889866504854369,"false",0,"CA7",218,0.416666666666667,"down",50.890873015873
4.47087378640777,0,0.223669923995657,1,2,10,"false","CA4",9.5,0,2,0,0.891535194174757,"false",0,"CA4",0,0.678571428571429,"down",51.4599206349206
5.01456310679612,0,0.199419167473379,0,1,10,"false","CD177",9,0,1,0,0.874544902912621,"false",0,"CD177",0,0,"down",45.1099206349206
3.57766990291262,0.0123807936627752,0.279511533242877,0,2,7,"false","CDH3",17.5,0,2,0,0.919447815533981,"false",0,"CDH3",3560,0.515625,"up",64.0261904761905
3.59708737864078,0.0288420554108454,0.278002699055331,0.333333333333333,3,7,"false","CR2",12.3333333333333,0,3,0,0.918841019417476,"false",0,"CR2",3654,0.352941176470588,"down",64.4190476190476
3.60194174757282,0.00037556012092328,0.277628032345013,0.333333333333333,3,7,"false","IL6R",16.3333333333333,0,3,0,0.918689320388349,"false",0,"IL6R",124,0.470588235294118,"down",64.3357142857143
3.25728155339806,0.0187149538411658,0.307004470938897,0.487179487179487,13,7,"false","PLAU",14.2307692307692,0,13,0,0.929459951456311,"false",0,"PLAU",4352,0.246963562753036,"up",75.9523809523809
3.52912621359223,0,0.283356258596974,1,2,7,"false","MSLN",27,0,2,0,0.920964805825243,"false",0,"MSLN",0,0.692307692307692,"up",65.352380952381
3.24271844660194,0.0166571764275051,0.308383233532934,0.333333333333333,3,7,"false","PLA2G10",18.3333333333333,0,3,0,0.929915048543689,"false",0,"PLA2G10",3424,0.36734693877551,"down",70.8428571428571
5.16990291262136,0.00165434801224958,0.193427230046948,0.333333333333333,4,10,"false","CDHR2",2.75,0,4,0,0.869690533980582,"false",0,"CDHR2",308,0.416666666666667,"down",44.9849206349206
5.4368932038835,8.68261109795564e-05,0.183928571428571,0.666666666666667,3,11,"false","CDHR5",3.33333333333333,0,3,0,0.861347087378641,"false",0,"CDHR5",8,0.555555555555556,"down",42.0329725829726
4.40291262135922,0.00666923890056981,0.227122381477398,0,2,9,"false","PTPRH",7.5,0,2,0,0.893658980582524,"false",0,"PTPRH",1656,0.5,"down",52.3242063492063
4.70388349514563,0.00826432995773371,0.212590299277606,0.333333333333333,3,10,"false","DPEP1",3,0,3,0,0.884253640776699,"false",0,"DPEP1",1372,0.533333333333333,"up",48.1765873015873
4.8495145631068,0.00503500546736292,0.206206206206206,0.333333333333333,3,10,"false","MYO1A",3.66666666666667,0,3,0,0.879702669902913,"false",0,"MYO1A",1422,0.476190476190476,"down",47.3063492063492
3.54368932038835,0.000450524388901066,0.282191780821918,0.333333333333333,3,8,"false","TEAD4",17.6666666666667,0,3,0,0.920509708737864,"false",0,"TEAD4",132,0.577777777777778,"up",65.1107142857143
3.24271844660194,0.0248285518628148,0.308383233532934,0.333333333333333,7,8,"false","CHGA",8.85714285714286,0,7,0,0.929915048543689,"false",0,"CHGA",5790,0.227106227106227,"down",71.5845238095238
3.67961165048544,0.00476725463033918,0.271767810026385,0.333333333333333,3,9,"false","SLC30A10",8.33333333333333,0,3,0,0.91626213592233,"false",0,"SLC30A10",736,0.421052631578947,"down",61.8456349206349
3.19417475728155,0.0247593601755355,0.31306990881459,0.321428571428571,8,8,"false","PYY",9.75,0,8,0,0.931432038834952,"false",0,"PYY",6012,0.198979591836735,"down",73.9011904761905
3.89805825242718,0.0307990356343268,0.25653798256538,0.1,5,9,"false","STMN2",5.6,0,5,0,0.909435679611651,"false",0,"STMN2",6488,0.238095238095238,"down",60.0384920634921
2.83495145631068,0.113100493287438,0.352739726027397,0.133333333333333,15,8,"false","GCG",8.06666666666667,0,15,0,0.942657766990291,"false",0,"GCG",20570,0.103030303030303,"down",84.9678571428571
3.54368932038835,0.00774430713928265,0.282191780821918,0.4,5,9,"false","SST",7.6,0,5,0,0.920509708737864,"false",0,"SST",1868,0.321739130434783,"down",65.1623015873016
5.01456310679612,0,0.199419167473379,0,1,10,"false","CHP2",9,0,1,0,0.874544902912621,"false",0,"CHP2",0,0,"down",45.1099206349206
4.17961165048544,0.000452919925758784,0.239256678281069,0,2,9,"false","CKB",7.5,0,2,0,0.90063713592233,"false",0,"CKB",94,0.541666666666667,"down",54.9515873015873
3.91747572815534,0.00507708455767419,0.255266418835192,0,4,8,"false","CLEC3B",7.75,0,4,0,0.908828883495146,"false",0,"CLEC3B",852,0.321428571428571,"down",59.8535714285714
3.77184466019417,0.00117694570624237,0.265122265122265,0.5,4,7,"false","TNXB",15.5,0,4,0,0.913379854368932,"false",0,"TNXB",508,0.544642857142857,"down",61.7357142857143
3.86407766990291,0.00538214811472463,0.258793969849246,0,3,7,"false","SEPP1",4,0,3,0,0.910497572815534,"false",0,"SEPP1",782,0.333333333333333,"down",58.5309523809524
6.65533980582524,0,0.150255288110868,0,1,12,"false","PTPRR",2,0,1,0,0.823270631067961,"false",0,"PTPRR",0,0,"down",33.2127344877345
3.57766990291262,0.000201280796820392,0.279511533242877,0.714285714285714,8,7,"false","MMP12",18,0,8,0,0.919447815533981,"false",0,"MMP12",122,0.428571428571429,"up",67.5023809523809
3.78155339805825,0,0.264441591784339,1,2,7,"false","SFRP4",16.5,0,2,0,0.91307645631068,"false",0,"SFRP4",0,0.611111111111111,"up",60.402380952381
3.73300970873786,6.65401530412465e-05,0.267880364109233,0.9,5,7,"false","LOXL2",18.2,0,5,0,0.914593446601942,"false",0,"LOXL2",32,0.56875,"up",63.002380952381
3.79126213592233,0.016853652861525,0.263764404609475,0,2,9,"false","CPM",9,0,2,0,0.912773058252427,"false",0,"CPM",2532,0.5,"down",59.7456349206349
4.58252427184466,0,0.218220338983051,1,2,8,"false","TNFRSF17",3,0,2,0,0.888046116504854,"false",0,"TNFRSF17",0,0.75,"down",48.9666666666667
4.57766990291262,0.00970873786407767,0.218451749734889,0.333333333333333,3,8,"false","POU2AF1",2,0,3,0,0.888197815533981,"false",0,"POU2AF1",1222,0.555555555555556,"down",49.4666666666667
3.86893203883495,0,0.258469259723965,1,5,7,"false","CXCL3",15,0,5,0,0.910345873786408,"false",0,"CXCL3",0,0.576923076923077,"up",60.8619047619048
3.52427184466019,0.000834380977550588,0.283746556473829,0.166666666666667,4,8,"false","SFRP1",11.75,0,4,0,0.921116504854369,"false",0,"SFRP1",202,0.401785714285714,"down",65.5773809523809
3.87864077669903,0.00968304880700054,0.257822277847309,0.266666666666667,10,9,"false","HSD17B2",8.3,0,10,0,0.910042475728155,"false",0,"HSD17B2",4530,0.356521739130435,"down",62.4456349206349
4.19902912621359,0.00911088830226663,0.238150289017341,0.2,5,10,"false","HSD11B2",5.8,0,5,0,0.900030339805825,"false",0,"HSD11B2",1934,0.266666666666667,"down",56.7242063492063
3.4126213592233,0.0370623759040322,0.29302987197724,0.217948717948718,13,9,"false","HSD3B2",8.30769230769231,0,13,0,0.924605582524272,"false",0,"HSD3B2",9366,0.216599190283401,"down",71.9789682539682
4.94660194174757,0,0.20215897939156,0,1,10,"false","DUSP14",6,0,1,0,0.876668689320388,"false",0,"DUSP14",0,0,"up",45.3825396825397
3.83009708737864,0,0.261089987325729,0,1,9,"false","EDN3",15,0,1,0,0.911559466019418,"false",0,"EDN3",0,0,"down",58.4123015873016
3.85922330097087,0.0031602063678045,0.259119496855346,0.166666666666667,4,9,"false","ENTPD5",9.75,0,4,0,0.91064927184466,"false",0,"ENTPD5",418,0.2890625,"down",61.8563492063492
4.09223300970874,0.00190627711894928,0.244365361803084,0.333333333333333,4,9,"false","SQLE",7.75,0,4,0,0.903367718446602,"false",0,"SQLE",446,0.357142857142857,"up",57.1980158730159
4.02912621359223,0.00978419323197916,0.248192771084337,0,3,9,"false","PHLPP2",9.33333333333333,0,3,0,0.905339805825243,"false",0,"PHLPP2",1464,0.36231884057971,"down",58.4634920634921
4.39320388349515,0,0.227624309392265,1,3,10,"false","FHL1",22.3333333333333,0,3,0,0.893962378640777,"false",0,"FHL1",0,0.893333333333333,"down",54.268253968254
3.8252427184466,0,0.261421319796954,1,2,9,"false","REG1A",8.5,0,2,0,0.911711165048544,"false",0,"REG1A",0,0.566666666666667,"up",58.9123015873016
3.78155339805825,0,0.264441591784339,1,2,9,"false","STC1",11.5,0,2,0,0.91307645631068,"false",0,"STC1",0,0.71875,"up",59.6456349206349
3.8252427184466,0,0.261421319796954,1,2,9,"false","REG1B",8.5,0,2,0,0.911711165048544,"false",0,"REG1B",0,0.566666666666667,"up",58.9123015873016
3.7378640776699,0.00208966231246857,0.267532467532468,0.333333333333333,3,7,"false","GDF15",15,0,3,0,0.914441747572815,"false",0,"GDF15",430,0.523809523809524,"up",61.7857142857143
4,0.000751685458606507,0.25,0,2,8,"false","S100A2",6,0,2,0,0.90625,"false",0,"S100A2",74,0.5,"up",56.3964285714286
3.90291262135922,0.00692950488954637,0.256218905472637,0,3,9,"false","SLC26A2",5,0,3,0,0.909283980582524,"false",0,"SLC26A2",934,0.333333333333333,"down",57.9789682539683
4.10679611650485,0.00820430788554087,0.243498817966903,0.333333333333333,4,9,"false","NR3C2",4.5,0,4,0,0.902912621359223,"false",0,"NR3C2",1316,0.354166666666667,"down",56.090873015873
3.89320388349515,0.0145173307453934,0.256857855361596,0.333333333333333,4,9,"false","MEP1A",7.5,0,4,0,0.909587378640777,"false",0,"MEP1A",3310,0.345238095238095,"down",59.7051587301587
4.35922330097087,0.0124360785829744,0.229398663697105,0.166666666666667,4,10,"false","SGK2",4.25,0,4,0,0.89502427184466,"false",0,"SGK2",2320,0.3125,"down",53.8253968253968
4.76699029126214,0.000103802933544823,0.209775967413442,0,2,10,"false","HPGD",7.5,0,2,0,0.882281553398058,"false",0,"HPGD",26,0.590909090909091,"down",48.2527777777778
4.48058252427184,0.00273918639790785,0.223185265438787,0.5,4,10,"false","SCNN1B",4.5,0,4,0,0.891231796116505,"false",0,"SCNN1B",568,0.375,"down",52.418253968254
3.25728155339806,0.0132848322858778,0.307004470938897,0.2,5,8,"false","NR5A2",12.6,0,5,0,0.929459951456311,"false",0,"NR5A2",3518,0.269565217391304,"down",71.5940476190476
4.88349514563107,0.00970873786407767,0.204771371769384,0,2,10,"false","ITM2A",3,0,2,0,0.878640776699029,"false",0,"ITM2A",2062,0.5,"down",46.1849206349206
5.87864077669903,0,0.170107349298101,0,1,11,"false","NEBL",2,0,1,0,0.847542475728155,"false",0,"NEBL",0,0,"up",37.4059884559885
5.06796116504854,0,0.197318007662835,0,1,9,"false","KRT6B",2,0,1,0,0.872876213592233,"false",0,"KRT6B",0,0,"up",43.2099206349206
4.07281553398058,0.00970873786407767,0.245530393325387,0,2,8,"false","TRIM29",5,0,2,0,0.903974514563107,"false",0,"TRIM29",1390,0.5,"up",55.222619047619
4.13106796116505,0.0132468318014323,0.242068155111633,0,3,9,"false","LPAR1",4.66666666666667,0,3,0,0.902154126213592,"false",0,"LPAR1",1790,0.333333333333333,"down",55.918253968254
5.12621359223301,0,0.195075757575758,0,1,10,"false","RCAN2",3,0,1,0,0.871055825242718,"false",0,"RCAN2",0,0,"down",43.3555555555556
4.28155339805825,0.0131747370115757,0.233560090702948,0.2,5,10,"false","NEDD4L",5.4,0,5,0,0.89745145631068,"false",0,"NEDD4L",2504,0.25,"down",56.5539682539683
4.42233009708738,0,0.226125137211855,0,1,10,"false","TUBAL3",24,0,1,0,0.893052184466019,"false",0,"TUBAL3",0,0,"down",52.9849206349206
4.28640776699029,0,0.233295583238958,0,1,8,"false","SEMA6A",8,0,1,0,0.897299757281553,"false",0,"SEMA6A",0,0,"down",52.4380952380952
4.81553398058252,0,0.207661290322581,0,1,10,"false","METTL7A",8,0,1,0,0.880764563106796,"false",0,"METTL7A",0,0,"down",46.7361111111111
5.35436893203883,0,0.186763372620127,0,1,11,"false","MORC4",4,0,1,0,0.863925970873786,"false",0,"MORC4",0,0,"up",41.8476551226551
3.9126213592233,0.00364529463879566,0.255583126550869,0.3,5,8,"false","SLC7A5",4.6,0,5,0,0.908980582524272,"false",0,"SLC7A5",568,0.314285714285714,"up",58.9464285714286
3.93689320388349,0.00119275590503065,0.254007398273736,0.5,4,8,"false","PSAT1",5.5,0,4,0,0.908222087378641,"false",0,"PSAT1",286,0.423076923076923,"up",57.9607142857143
4.08252427184466,0,0.244946492271106,0,1,8,"false","PDCD4",9,0,1,0,0.903671116504854,"false",0,"PDCD4",0,0,"down",54.5559523809524
5.02427184466019,0,0.199033816425121,0,1,10,"false","PPM1H",3,0,1,0,0.874241504854369,"false",0,"PPM1H",0,0,"up",44.6912698412698
4.25242718446602,0,0.235159817351598,0,1,8,"false","SRPX2",13,0,1,0,0.898361650485437,"false",0,"SRPX2",0,0,"up",53.5309523809524
5.57281553398058,0,0.179442508710801,0,1,9,"false","SPIB",3,0,1,0,0.857099514563107,"false",0,"SPIB",0,0,"down",39.456746031746
4.18932038834951,0.00061962270108138,0.238702201622248,0.333333333333333,3,8,"false","SLC3A1",4.33333333333333,0,3,0,0.900333737864078,"false",0,"SLC3A1",48,0.444444444444444,"down",54.4547619047619
4.89320388349515,0,0.204365079365079,0,1,10,"false","VSNL1",5,0,1,0,0.878337378640777,"false",0,"VSNL1",0,0,"up",45.518253968254
3.98058252427184,0.000200459613981947,0.251219512195122,0.5,4,9,"false","SULT1B1",10.25,0,4,0,0.906856796116505,"false",0,"SULT1B1",150,0.539473684210526,"down",58.0718253968254
