,ID,Group
1,1,Normal
2,2,Normal
3,3,Normal
4,4,Tumor
5,5,Tumor
6,6,Tumor
7,7,Tumor
8,8,Tumor
9,9,Normal
10,10,Normal
11,11,Normal
12,12,Normal
13,13,Tumor
14,14,Tumor
15,15,Tumor
16,16,Tumor
17,17,Tumor
18,18,Normal
19,19,Tumor
20,20,Normal
21,21,Tumor
22,22,Normal
23,23,Tumor
24,24,Tumor
25,25,Normal
26,26,Normal
27,27,Tumor
28,28,Normal
29,29,Normal
30,30,Tumor
31,31,Tumor
32,32,Normal
33,33,Normal
34,34,Tumor
35,35,Tumor
36,36,Tumor
37,37,Normal
38,38,Tumor
39,39,Tumor
40,40,Normal
41,41,Tumor
42,42,Normal
43,43,Normal
44,44,Tumor
45,45,Normal
46,46,Tumor
47,47,Normal
48,48,Tumor
49,49,Normal
50,50,Tumor
51,51,Normal
52,52,Tumor
53,53,Normal
54,54,Tumor
55,55,Normal
56,56,Tumor
57,57,Normal
58,58,Tumor
59,59,Normal
60,60,Normal
61,61,Tumor
62,62,Tumor
63,63,Normal
64,64,Normal
65,65,Tumor
66,66,Normal
67,67,Tumor
68,68,Normal
69,69,Tumor
70,70,Normal
71,71,Normal
72,72,Tumor
73,73,Tumor
74,74,Tumor
75,75,Tumor
76,76,Normal
77,77,Normal
78,78,Normal
79,79,Tumor
80,80,Normal
81,81,Tumor
82,82,Normal
83,83,Tumor
84,84,Normal
85,85,Tumor
86,86,Tumor
87,87,Normal
88,88,Tumor
89,89,Normal
90,90,Tumor
91,91,Normal
92,92,Normal
93,93,Tumor
94,94,Normal
95,95,Normal
96,96,Normal
97,97,Tumor
98,98,Normal
99,99,Tumor
100,100,Normal
101,101,Tumor
102,102,Normal
103,103,Normal
104,104,Tumor
105,105,Normal
106,106,Tumor
107,107,Normal
108,108,Tumor
109,109,Tumor
110,110,Normal
111,111,Tumor
112,112,Tumor
113,113,Tumor
114,114,Normal
115,115,Tumor
116,116,Normal
117,117,Tumor
118,118,Tumor
119,119,Tumor
120,120,Tumor
121,121,Tumor
122,122,Tumor
123,123,Tumor
124,124,Tumor
125,125,Tumor
126,126,Tumor
127,127,Tumor
128,128,Tumor
129,129,Tumor
130,130,Tumor
131,131,Tumor
132,132,Tumor
133,133,Tumor
134,134,Tumor
135,135,Normal
136,136,Normal
137,137,Normal
138,138,Normal
139,139,Normal
140,140,Normal
141,141,Normal
142,142,Normal
143,143,Normal
144,144,Normal
145,145,Normal
146,146,Normal
147,147,Normal
148,148,Normal
149,149,Normal
150,150,Normal
151,151,Normal
152,152,Normal
153,153,Normal
154,154,Normal
