"genes"	"modules"
"TFF3"	"M2"
"LGALS4"	"M2"
"TSPAN8"	"M2"
"RPL10A"	"M1"
"KRT19"	"M2"
"ACTA2"	"M3"
"GPX2"	"M1"
"TST"	"M2"
"CEACAM6"	"M2"
"KRT8"	"M2"
"RPS4X"	"M1"
"RPS17"	"M1"
"RPLP0"	"M1"
"GSTP1"	"M1"
"CDH17"	"M2"
"IFITM3"	"M4"
"PIGR"	"M2"
"TIMP1"	"M4"
"CEACAM5"	"M2"
"ITM2C"	"M2"
"IFITM2"	"M4"
"HLA-DRA"	"M4"
"MT2A"	"M2"
"LGALS1"	"M3"
"PPA1"	"M1"
"ACTG2"	"M3"
"TXNIP"	"M3"
"IGFBP7"	"M4"
"COL3A1"	"M4"
"CKB"	"M2"
"AHNAK"	"M3"
"SLC26A3"	"M2"
"MUC13"	"M2"
"DUSP1"	"M3"
"TGFBI"	"M1"
"ATP1B1"	"M2"
"CYBA"	"Not.Correlated"
"MT1G"	"M2"
"TUBA1A"	"M4"
"TPM2"	"M3"
"CAMK2N1"	"M2"
"CDC42EP5"	"M2"
"CEBPB"	"M4"
"IFI27"	"Not.Correlated"
"FOS"	"Not.Correlated"
"CLDN7"	"M2"
"IGJ"	"M2"
"HIGD1A"	"M2"
"FAM3D"	"M2"
"SCNN1A"	"M2"
"SPINK1"	"M1"
"CSRP1"	"M3"
"LCN2"	"M3"
"IER3"	"M1"
"CES2"	"M2"
"RPS21"	"M1"
"COL1A1"	"M4"
"S100P"	"M1"
"COL1A2"	"M4"
"CTGF"	"M4"
"GCNT3"	"M2"
"MAOA"	"M2"
"CA2"	"M2"
"CLDN3"	"M2"
"COL6A3"	"M4"
"GMDS"	"M1"
"S100A4"	"Not.Correlated"
"COL4A1"	"M4"
"KRT18"	"M1"
"HMGCS2"	"M2"
"CDX1"	"M2"
"IFITM1"	"M1"
"GPA33"	"M2"
"MYH11"	"M3"
"MCM7"	"M1"
"PRSS8"	"M2"
"HBB"	"Not.Correlated"
"TMEM54"	"M2"
"CD24"	"M2"
"ACTN1"	"M3"
"MGP"	"M3"
"ID1"	"Not.Correlated"
"HSPE1"	"M1"
"MARCKSL1"	"M1"
"TSPAN1"	"M2"
"LDHB"	"M1"
"IMPDH2"	"M1"
"CFD"	"M3"
"GUCA2A"	"M2"
"FUCA1"	"M2"
"TCEA3"	"M2"
"STARD10"	"M2"
"FBL"	"M1"
"VIM"	"M3"
"HSPA1A"	"Not.Correlated"
"TMEM123"	"M1"
"HLA-DPA1"	"M4"
"RHPN2"	"M2"
"PTRF"	"M3"
"NQO1"	"Not.Correlated"
"SPARC"	"M4"
"DCN"	"M3"
"GARS"	"M1"
"ADM"	"Not.Correlated"
"ABCC3"	"M2"
"ELF3"	"M2"
"IGFBP5"	"M3"
"SELENBP1"	"M2"
"SNRPB"	"M1"
"C10orf99"	"M2"
"RNASE1"	"M3"
"PRDX4"	"M1"
"RAB25"	"M1"
"RCC2"	"M1"
"FBLN1"	"M3"
"PLAC8"	"M2"
"KRT20"	"M2"
"IFI6"	"M4"
"GLO1"	"M1"
"AHCY"	"M1"
"CCT2"	"M1"
"ODC1"	"M1"
"EGR1"	"Not.Correlated"
"CEACAM7"	"M2"
"S100A11"	"M1"
"SCD"	"M1"
"SPARCL1"	"M3"
"MAPK13"	"M2"
"MAL2"	"M2"
"EMP1"	"M2"
"MEP1A"	"M2"
"SNRPF"	"M1"
"SLC9A3R1"	"M2"
"PI3"	"Not.Correlated"
"C1QB"	"Not.Correlated"
"SERPINE2"	"M4"
"PROM1"	"Not.Correlated"
"C1orf106"	"M2"
"RASSF7"	"M2"
"C12orf57"	"Not.Correlated"
"SLC20A1"	"Not.Correlated"
"UGDH"	"M2"
"MT1X"	"M2"
"HSPH1"	"M1"
"ANXA1"	"M4"
"CD46"	"M1"
"LAMA5"	"Not.Correlated"
"MRPS21"	"Not.Correlated"
"PRSS3"	"M2"
"PAPSS2"	"M2"
"CLCA1"	"M2"
"TMPRSS2"	"M2"
"TSC22D1"	"Not.Correlated"
"MT1F"	"M2"
"CGN"	"M2"
"LUM"	"M4"
"AGR2"	"Not.Correlated"
"RIOK3"	"M2"
"EBNA1BP2"	"M1"
"C9orf152"	"M2"
"FABP1"	"M2"
"RARRES3"	"Not.Correlated"
"AKR1C3"	"M2"
"TSPAN3"	"M2"
"MYB"	"M2"
"CCND2"	"Not.Correlated"
"GNE"	"M2"
"CDX2"	"M2"
"CLRN3"	"M2"
"CXCL14"	"M2"
"CA12"	"M2"
"SFN"	"M2"
"CLCA4"	"M2"
"PLS1"	"M2"
"PYCARD"	"M1"
"C1QC"	"Not.Correlated"
"C1QA"	"Not.Correlated"
"HSD11B2"	"M2"
"BAIAP2L2"	"M2"
"PLA2G10"	"M2"
"RHOB"	"M3"
"COL5A2"	"M4"
"DNMT1"	"M1"
"COL6A1"	"M3"
"TYROBP"	"M4"
"HLA-F"	"Not.Correlated"
"PAICS"	"M1"
"SQRDL"	"M2"
"DDIT4"	"M1"
"APOE"	"M4"
"ST6GALNAC1"	"M2"
"CKMT1A"	"M2"
"DPM1"	"M1"
"PGK1"	"M1"
"FUT3"	"M2"
"DKC1"	"M1"
"LAPTM4B"	"M1"
"CDCA7"	"M1"
"CYP3A5"	"M2"
"TFF1"	"Not.Correlated"
"TSPAN13"	"M1"
"FNBP1"	"M3"
"SHMT2"	"M1"
"DPYSL3"	"M3"
"CSE1L"	"M1"
"BOP1"	"M1"
"C19orf33"	"M2"
"CAPN5"	"M2"
"PALLD"	"M3"
"CD55"	"M1"
"MXRA5"	"M4"
"PAQR8"	"M2"
"HTRA1"	"M4"
"MX1"	"M4"
"MYL9"	"M3"
"TJP3"	"M2"
"RGS2"	"M3"
"HSPD1"	"M1"
"CA4"	"M2"
"SATB2"	"M2"
"ITGB1"	"M4"
"PLA2G2A"	"Not.Correlated"
"RPA3"	"M1"
"AQP8"	"M2"
"BGN"	"M4"
"ETS2"	"M1"
"SPINK4"	"Not.Correlated"
"ISG15"	"M4"
"HES6"	"M1"
"COL5A1"	"M4"
"SLC44A4"	"M2"
"RAB31"	"M4"
"CDC25B"	"M1"
"FASN"	"M1"
"HIST1H1C"	"M2"
"MYO1A"	"M2"
"TMPRSS4"	"M2"
"CDK4"	"M1"
"RARRES2"	"M3"
"FLNC"	"M3"
"ADH1C"	"M2"
"FOXA2"	"M1"
"CTSK"	"M4"
"RPL34"	"M1"
"TMEM30B"	"M2"
"CD14"	"M3"
"OLFM4"	"M1"
"SEPP1"	"M2"
"MYC"	"M1"
"CXADR"	"M2"
"SRGN"	"M4"
"CCL20"	"M1"
"MALL"	"M2"
"HK2"	"M2"
"TIMM10"	"M1"
"TMEM45B"	"M2"
"EFNA1"	"Not.Correlated"
"NME4"	"M4"
"COL17A1"	"M2"
"RPS7"	"M1"
"ALOX5AP"	"M4"
"HOXB5"	"Not.Correlated"
"CALD1"	"M3"
"SELM"	"M3"
"NCOA7"	"M1"
"ACTL6A"	"M1"
"BASP1"	"M4"
"RPS15"	"M1"
"SLC2A3"	"M4"
"DSC2"	"M2"
"AKR7A3"	"M2"
"CDC20"	"M1"
"MFAP4"	"M3"
"DDC"	"M2"
"CKS1B"	"M1"
"RGS1"	"Not.Correlated"
"TMEM97"	"M1"
"CLDN23"	"M2"
"TFDP1"	"M1"
"KLF9"	"M3"
"UBE2C"	"M1"
"AEBP1"	"M4"
"TOMM34"	"M1"
"RPL29"	"M1"
"MLPH"	"M2"
"CYP2J2"	"M2"
"CPNE1"	"M1"
"DDX21"	"M1"
"EMP3"	"M3"
"C8orf4"	"Not.Correlated"
"HIST1H2BD"	"M2"
"LY6E"	"M4"
"F2RL1"	"M2"
"TRIP6"	"M1"
"HES4"	"M4"
"S100A14"	"M2"
"TRIM31"	"M2"
"MT1E"	"M2"
"FSCN1"	"M4"
"TNFSF10"	"M2"
"TSPAN6"	"M2"
"AKR1B10"	"M2"
"VSIG2"	"M2"
"THBS1"	"M4"
"CEBPA"	"M2"
"FOXA3"	"M2"
"CKS2"	"M1"
"FXYD3"	"M2"
"LMNB2"	"M1"
"ALDH1A1"	"M3"
"VAMP5"	"M3"
"GTPBP4"	"M1"
"PUS1"	"M1"
"ACAA2"	"M2"
"SPON1"	"M3"
"CDS1"	"M2"
"MRPL12"	"M1"
"GGH"	"M1"
"AGR3"	"M2"
"CA1"	"M2"
"MATN2"	"M3"
"SRPK1"	"M1"
"EPSTI1"	"M1"
"PCCA"	"Not.Correlated"
"MS4A12"	"M2"
"GPNMB"	"M3"
"MCM3"	"M1"
"FAM46C"	"M2"
"ANG"	"Not.Correlated"
"C15orf48"	"M2"
"HOXA5"	"Not.Correlated"
"ASNS"	"M1"
"ITLN1"	"M2"
"SLCO2A1"	"M2"
"TRIM15"	"M2"
"PPP1R14D"	"M2"
"PRKDC"	"M1"
"SLC26A2"	"M2"
"ANPEP"	"M2"
"SERINC2"	"M2"
"RAPGEFL1"	"M2"
"C1orf115"	"M2"
"GPX3"	"M3"
"BAIAP2L1"	"M1"
"AXIN2"	"M1"
"HMGB2"	"M1"
"PHGDH"	"M1"
"BTG2"	"M3"
"STAP2"	"M2"
"CNN1"	"M3"
"PRKCDBP"	"M3"
"CYP2S1"	"M1"
"SLPI"	"Not.Correlated"
"ADAMDEC1"	"M2"
"MAP7"	"M2"
"MRPS17"	"M1"
"MS4A6A"	"Not.Correlated"
"ASCL2"	"M1"
"MXD1"	"M2"
"MUC20"	"M2"
"KLF4"	"M2"
"RTKN"	"M1"
"THY1"	"M4"
"SLC44A3"	"M2"
"METTL7A"	"M2"
"ADH1A"	"M2"
"EPDR1"	"M4"
"RANBP1"	"M1"
"THBS2"	"M4"
"PLEK2"	"M1"
"VIP"	"M3"
"NXT1"	"M1"
"FOSB"	"M3"
"GJB2"	"Not.Correlated"
"SLC12A2"	"M1"
"MCM4"	"M1"
"SLC39A5"	"M2"
"ANGPTL2"	"M3"
"EPB41L3"	"M1"
"SERPINH1"	"M4"
"BST2"	"M4"
"FUT4"	"M1"
"PIGZ"	"M2"
"HSD17B2"	"M2"
"GRINA"	"M1"
"BAMBI"	"Not.Correlated"
"EPHA2"	"M1"
"IMPDH1"	"M1"
"ITGA5"	"M3"
"ABHD3"	"M2"
"SOX9"	"M1"
"MMP12"	"M1"
"GART"	"M1"
"CFB"	"M1"
"BACE2"	"M1"
"CYP4F12"	"M2"
"FCER1G"	"M4"
"TOP2A"	"M1"
"GPT2"	"M1"
"CYBRD1"	"M3"
"H2AFY2"	"Not.Correlated"
"GGT6"	"M2"
"CYR61"	"M4"
"SULF1"	"M4"
"GPRC5A"	"M2"
"HLA-DRB1"	"Not.Correlated"
"NUPR1"	"Not.Correlated"
"COX7A1"	"M3"
"EPHX2"	"M2"
"CFTR"	"M2"
"PTTG1"	"M1"
"TP53INP2"	"M2"
"CXCL1"	"M1"
"COL4A2"	"M3"
"CITED2"	"M3"
"COL15A1"	"M4"
"JAM3"	"M3"
"GUCY2C"	"M2"
"MT1M"	"M2"
"WDR4"	"M1"
"VIPR1"	"M2"
"LEFTY1"	"Not.Correlated"
"REG4"	"Not.Correlated"
"NUSAP1"	"M1"
"CEACAM1"	"M2"
"PPP1R14A"	"M3"
"VIL1"	"M2"
"S100A8"	"M4"
"PLAU"	"M4"
"SERPING1"	"M3"
"GALNT12"	"M2"
"POLR1C"	"M1"
"CAV1"	"M3"
"ST6GALNAC6"	"M2"
"GPR160"	"M2"
"SLC5A6"	"M1"
"PKP2"	"M2"
"IGFBP6"	"M3"
"EPB41L4B"	"M2"
"SMTN"	"M3"
"AURKA"	"M1"
"ARL14"	"M2"
"FRZB"	"M3"
"DES"	"M3"
"TRAP1"	"M1"
"GUCA2B"	"M2"
"STX19"	"M2"
"LYZ"	"Not.Correlated"
"PTPLAD1"	"M1"
"CCNB2"	"M1"
"SLC7A5"	"M1"
"DCUN1D5"	"M1"
"TGFBR3"	"M3"
"KRTCAP3"	"M1"
"SFRP2"	"M3"
"FAM84B"	"M1"
"SLC27A2"	"M2"
"GDF15"	"M1"
"CLIC5"	"M2"
"CHGA"	"M2"
"SOD2"	"M1"
"ENC1"	"M1"
"NDN"	"M3"
"MMP9"	"M4"
"CRYAB"	"M3"
"CMTM8"	"M1"
"CCL2"	"M4"
"ITPKA"	"M2"
"MTHFD2"	"M1"
"PCOLCE"	"M4"
"FLNA"	"M3"
"KIAA0020"	"M1"
"PHLDA1"	"M1"
"CBX6"	"M3"
"CLDN15"	"M1"
"COL16A1"	"M4"
"TK1"	"M1"
"RHBDF2"	"M1"
"REG1A"	"Not.Correlated"
"NT5DC3"	"M3"
"DENND2A"	"M2"
"ETNK1"	"M2"
"FGL2"	"M3"
"COL12A1"	"M4"
"PGM5"	"M3"
"PDCD4"	"M2"
"TNC"	"M3"
"GSTO2"	"M1"
"LRRC19"	"M2"
"FOXQ1"	"M1"
"SDCBP2"	"M2"
"ANXA3"	"M1"
"VAV3"	"M2"
"PRC1"	"M1"
"SOX4"	"M1"
"MYH10"	"M4"
"PBX3"	"M3"
"FOXD2"	"M2"
"SMPDL3A"	"M2"
"FHL1"	"M3"
"KIAA1324"	"M2"
"F3"	"Not.Correlated"
"BMP2"	"M2"
"ERN2"	"M2"
"NFE2L3"	"M1"
"RFC4"	"M1"
"MCOLN2"	"M2"
"SLC22A18AS"	"M2"
"ACACB"	"M3"
"RPS4Y1"	"Not.Correlated"
"PLAUR"	"M4"
"CDCA5"	"M1"
"ETHE1"	"M2"
"C1orf116"	"M2"
"NNMT"	"M4"
"PROM2"	"M2"
"ACADS"	"M2"
"TMEM47"	"M3"
"FOXA1"	"M2"
"PDK4"	"M3"
"RBPMS2"	"M3"
"RASD1"	"Not.Correlated"
"SRPX"	"M3"
"CCDC58"	"M1"
"CPE"	"Not.Correlated"
"TTYH3"	"M1"
"ARID3A"	"M1"
"WDR12"	"M1"
"PCMTD2"	"M1"
"PDZK1IP1"	"Not.Correlated"
"KCNN4"	"M1"
"DHCR7"	"M1"
"RPP40"	"M1"
"SLC16A9"	"M2"
"PDLIM3"	"M3"
"CCL8"	"Not.Correlated"
"HKDC1"	"M1"
"FGFBP1"	"M2"
"DEFB1"	"M2"
"C3"	"M3"
"RRS1"	"M1"
"ABCB1"	"M2"
"SYT13"	"Not.Correlated"
"SLC5A1"	"M1"
"AK1"	"Not.Correlated"
"ACE2"	"M2"
"PLEK"	"M4"
"PAFAH1B3"	"M1"
"STIL"	"M1"
"HOXB9"	"Not.Correlated"
"TESC"	"M1"
"ANKRD22"	"M1"
"TSPAN7"	"M2"
"ST3GAL4"	"M2"
"IGFBP2"	"Not.Correlated"
"NR3C2"	"M2"
"TFCP2L1"	"M2"
"MET"	"M1"
"EHF"	"M2"
"CDH11"	"M4"
"UBE2T"	"M1"
"TCEAL3"	"M3"
"GADD45B"	"Not.Correlated"
"SLC29A1"	"M4"
"PUS7"	"M1"
"CBX7"	"M3"
"OAS2"	"M4"
"BNIP3"	"Not.Correlated"
"KLK1"	"Not.Correlated"
"PTPRH"	"M2"
"CCL21"	"M3"
"S100A9"	"M4"
"PLAGL2"	"M1"
"EXOSC5"	"M1"
"MSLN"	"M1"
"COL7A1"	"M1"
"LYAR"	"M1"
"CTHRC1"	"M4"
"HMGB3"	"M1"
"OLFML2A"	"M3"
"GPT"	"M2"
"LRRC31"	"M2"
"TYMS"	"M1"
"EXOSC4"	"M1"
"NOX1"	"M2"
"BIK"	"M1"
"MFAP5"	"M3"
"SGCE"	"M3"
"SMOC2"	"Not.Correlated"
"TIMELESS"	"M1"
"EMILIN1"	"M3"
"CCL5"	"Not.Correlated"
"GZMA"	"Not.Correlated"
"MS4A7"	"M3"
"PLEKHO1"	"M3"
"MMP1"	"M1"
"TPX2"	"M1"
"SLC2A1"	"M1"
"RNF43"	"M1"
"SLCO4A1"	"M1"
"HSPA2"	"M3"
"TMEM63A"	"M1"
"FGFRL1"	"M1"
"COL8A1"	"M4"
"NR4A2"	"Not.Correlated"
"MSRB3"	"M3"
"APOD"	"M3"
"VILL"	"M2"
"CLDN8"	"M2"
"MMP3"	"M1"
"SLC9A2"	"M2"
"PRAP1"	"Not.Correlated"
"FOXF1"	"M3"
"ADAMTS1"	"M3"
"ITGA2"	"M1"
"RGS5"	"M3"
"TUBAL3"	"M2"
"WNK4"	"M2"
"PAQR4"	"M1"
"TNFRSF12A"	"M1"
"SLC25A10"	"M1"
"HHLA2"	"M2"
"LGALS2"	"M2"
"GYPC"	"M3"
"PHLDA2"	"M1"
"IL1B"	"M4"
"RAB15"	"M1"
"PRICKLE2"	"M3"
"HLA-G"	"Not.Correlated"
"F12"	"M1"
"NAT2"	"M2"
"SPP1"	"M4"
"TRIB3"	"M1"
"SCNN1B"	"M2"
"MELK"	"M1"
"OLFML3"	"M3"
"APOC1"	"M4"
"KCNMB1"	"M3"
"PODN"	"M3"
"BCAS1"	"M2"
"SCML1"	"M1"
"MUC17"	"Not.Correlated"
"AURKB"	"M1"
"CDA"	"M2"
"C10orf10"	"M4"
"WFDC1"	"M3"
"DPT"	"M3"
"RBP1"	"Not.Correlated"
"EEF1E1"	"M1"
"FOXF2"	"M3"
"PLCL2"	"M2"
"PPP1R14C"	"M2"
"RGS16"	"M4"
"GREM1"	"M4"
"TCFL5"	"M1"
"SLC29A2"	"M1"
"PLAC9"	"M3"
"MCM2"	"M1"
"GUCY1A3"	"M3"
"CCNB1"	"M1"
"MRGPRF"	"M3"
"ATHL1"	"M1"
"PODXL2"	"M1"
"PTGDS"	"M3"
"CLDN5"	"M3"
"MT1H"	"M2"
"NKD2"	"M1"
"PSAT1"	"M1"
"CLDN1"	"M1"
"CEP55"	"M1"
"NEXN"	"M3"
"CPA3"	"Not.Correlated"
"CXCL10"	"M1"
"ASPM"	"M1"
"EVPL"	"M1"
"RNASEH2A"	"M1"
"CAP2"	"M3"
"RNF186"	"M2"
"PTGS2"	"M4"
"NXN"	"M3"
"SERPINA3"	"Not.Correlated"
"CCNA2"	"M1"
"PCK1"	"M2"
"PDPN"	"M4"
"PDE9A"	"M2"
"TTF2"	"M1"
"TACC3"	"M1"
"HOXB8"	"M1"
"CDKN3"	"M1"
"PLCD1"	"M2"
"HSPB8"	"M3"
"SCIN"	"M2"
"ASF1B"	"M1"
"TGFB1I1"	"M3"
"TEAD4"	"M1"
"PSG1"	"M2"
"CD163"	"M4"
"MTHFD1L"	"M1"
"APCDD1"	"M1"
"FNDC1"	"M4"
"IQGAP3"	"M1"
"RAD51AP1"	"M1"
"NETO2"	"Not.Correlated"
"MYOM1"	"M3"
"PPARGC1A"	"M2"
"SSPN"	"M3"
"POSTN"	"M4"
"CITED4"	"Not.Correlated"
"PNCK"	"M3"
"CLEC3B"	"M3"
"CPXM2"	"M3"
"CCL19"	"M1"
"TPSG1"	"M2"
"EPHB3"	"M1"
"KIAA0101"	"M1"
"TUBB2B"	"M3"
"KCTD14"	"M1"
"FBXO32"	"M3"
"RGMA"	"M3"
"ASPN"	"M3"
"PHLDA3"	"M3"
"SDPR"	"M3"
"CENPM"	"M1"
"PPAT"	"M1"
"UHRF1"	"M1"
"SLC39A8"	"M1"
"PALM"	"M3"
"HMMR"	"M1"
"GSTM3"	"M3"
"CTXN1"	"M3"
"HSPB6"	"M3"
"ALDOB"	"Not.Correlated"
"FSTL3"	"M4"
"RASL12"	"M3"
"TRIP13"	"M1"
"PYY"	"M2"
"SLC25A15"	"M1"
"DEFA5"	"Not.Correlated"
"TMEM37"	"M2"
"SRPX2"	"M1"
"HOXA13"	"Not.Correlated"
"CACNA1H"	"M3"
"C7"	"M3"
"MMP7"	"M1"
"CDCA8"	"M1"
"HLA-DQB1"	"Not.Correlated"
"LIMS2"	"M3"
"SERPINB5"	"M1"
"PBK"	"M1"
"DMBT1"	"Not.Correlated"
"REEP1"	"M3"
"XDH"	"M2"
"TUBB6"	"M3"
"PTPRO"	"Not.Correlated"
"SQLE"	"M1"
"IGSF9"	"M2"
"MYEOV"	"M1"
"CALB2"	"Not.Correlated"
"BUB1"	"M1"
"CXCL2"	"M1"
"CCL13"	"Not.Correlated"
"DTL"	"M1"
"LMOD1"	"M3"
"TTK"	"M1"
"PTP4A3"	"M4"
"DNASE1L3"	"M2"
"EDN3"	"M2"
"FMO5"	"M2"
"CHTF18"	"M1"
"GEM"	"M3"
"CDT1"	"M1"
"UGT2B17"	"Not.Correlated"
"FABP4"	"M3"
"ETV4"	"M1"
"MMP11"	"M1"
"CTSG"	"M1"
"SETBP1"	"M3"
"MAMDC2"	"M3"
"ENPP3"	"M2"
"GAL"	"M1"
"RNF150"	"M3"
"E2F5"	"M1"
"KIF11"	"M1"
"DPEP1"	"M1"
"CASP5"	"M2"
"REG1B"	"Not.Correlated"
"ANLN"	"M1"
"SLC3A1"	"M2"
"JPH1"	"M1"
"SCARA5"	"M3"
"LRP4"	"Not.Correlated"
"AOC3"	"M3"
"SCGB2A1"	"M2"
"SI"	"M2"
"PPP1R3C"	"M3"
"CAPN13"	"M2"
"PRRX1"	"M4"
"PLEKHG4"	"M1"
"SCG2"	"M3"
"KIF2C"	"M1"
"DEFA6"	"Not.Correlated"
"F13A1"	"M3"
"OLFML2B"	"M4"
"TRPM6"	"M2"
"SFRP1"	"M3"
"PCP4"	"M3"
"NKX2-3"	"M3"
"NEU4"	"M2"
"FXYD6"	"M3"
"ENTPD5"	"M2"
"FAM107A"	"M3"
"KLRB1"	"M2"
"JSRP1"	"Not.Correlated"
"CAPN9"	"M2"
"STMN2"	"M3"
"FOXC1"	"M4"
"CENPA"	"M1"
"NPTX2"	"Not.Correlated"
"TROAP"	"M1"
"RAMP1"	"M3"
"CENPF"	"M1"
"ZDHHC11"	"Not.Correlated"
"FOLR2"	"M3"
"TNFRSF17"	"M2"
"WBSCR27"	"M1"
"SNTB1"	"M1"
"CXCL12"	"M3"
"LIPG"	"M1"
"ATAD2"	"M1"
"KIF20A"	"M1"
"PTGIS"	"M3"
"CXCL9"	"M1"
"REEP6"	"M1"
"SLIT2"	"M3"
"SLC38A5"	"M1"
"GDPD5"	"M1"
"EIF1AY"	"Not.Correlated"
"CA7"	"M2"
"MESP1"	"Not.Correlated"
"CLIC3"	"M1"
"ABI3BP"	"M3"
"CCL28"	"M2"
"LILRB3"	"M4"
"SLC4A4"	"M2"
"GFPT2"	"M4"
"PTPLA"	"M3"
"GHR"	"M3"
"POLQ"	"M1"
"TSPAN18"	"M3"
"STC1"	"M4"
"C4BPB"	"M1"
"SLC25A34"	"M2"
"CASQ2"	"M3"
"HAND1"	"M3"
"AGT"	"M1"
"TNNC2"	"Not.Correlated"
"ROR2"	"M3"
"SOSTDC1"	"M2"
"CDH3"	"M1"
"MAD2L1"	"M1"
"HOXB13"	"M2"
"CHEK1"	"M1"
"CNTNAP2"	"M1"
"SPINK5"	"M2"
"MSX1"	"M1"
"CDH2"	"M3"
"INSL5"	"M2"
"STC2"	"M1"
"PRPH"	"M3"
"CELSR3"	"M1"
"IL6"	"M4"
"CDCA3"	"M1"
"BTNL3"	"M2"
"GCG"	"M2"
"FPR1"	"M4"
"CILP"	"M3"
"CCDC69"	"M3"
"THBS4"	"M3"
"CLDN2"	"M1"
"PACSIN3"	"Not.Correlated"
"BUB1B"	"M1"
"GLDN"	"M2"
"G0S2"	"M4"
"SERPINE1"	"M4"
"KIF4A"	"M1"
"VSNL1"	"M1"
"GZMB"	"M1"
"LAMA1"	"M2"
"CDC25A"	"M1"
"UCHL1"	"M3"
"KIF15"	"M1"
"CD177"	"M2"
"CEL"	"M1"
"RAB26"	"Not.Correlated"
"SLC17A4"	"M2"
"GAS1"	"M3"
"AZGP1"	"M1"
"PCOLCE2"	"M3"
"LDHD"	"M2"
"EXO1"	"M1"
"XPNPEP2"	"Not.Correlated"
"TCEAL2"	"M3"
"MLXIPL"	"M1"
"UGT2A3"	"M2"
"TNS1"	"M3"
"PCSK1N"	"Not.Correlated"
"APOBEC1"	"Not.Correlated"
"DUOX2"	"Not.Correlated"
"NAALADL1"	"M2"
"ALDH1L1"	"Not.Correlated"
"IFI44L"	"M4"
"ASB9"	"M1"
"PLN"	"M3"
"MB"	"M2"
"NNAT"	"M3"
"PRUNE2"	"M3"
"CCL23"	"M1"
"PROX1"	"M1"
"CXCL13"	"M1"
"AQP9"	"M4"
"LY6G6D"	"M1"
"PI16"	"M3"
"IGF2"	"Not.Correlated"
"GNG4"	"M1"
"TNFAIP6"	"M4"
"SLC6A14"	"M1"
"LRP8"	"M1"
"SCGN"	"M3"
"PDGFRL"	"M3"
"CYP4F11"	"Not.Correlated"
"FAP"	"M4"
"RERG"	"M3"
"PCSK9"	"M1"
"CRABP2"	"M4"
"CCL3"	"M4"
"KLK11"	"M1"
"CA9"	"M1"
"BMP7"	"M1"
"STON1"	"M3"
"DHRS9"	"M2"
"NMU"	"M1"
"MAOB"	"M3"
"GPR128"	"M2"
"ADH1B"	"M3"
"CHST13"	"Not.Correlated"
"KLK10"	"M1"
"SST"	"M2"
"PRODH"	"Not.Correlated"
"CST1"	"M1"
"CYP4F3"	"M1"
"POPDC2"	"M3"
"PPBP"	"Not.Correlated"
"CCL18"	"M4"
"ATP1A2"	"M3"
"AKAP12"	"M3"
"OLR1"	"M4"
"VPREB3"	"M2"
"PRR7"	"M1"
"PLA2G12B"	"Not.Correlated"
"PEG3"	"M3"
"TCN1"	"M1"
"CKMT2"	"M1"
"BOC"	"M3"
"SFRP4"	"M4"
"SP5"	"M1"
"ZBTB16"	"M3"
"ESM1"	"M1"
"EEF1A2"	"M3"
"BCHE"	"M3"
"ADAMTS8"	"M3"
"OTOP2"	"M2"
"TFF2"	"Not.Correlated"
"DUSP4"	"M2"
"CYP2C18"	"M2"
"FAM46B"	"M3"
"CTSE"	"Not.Correlated"
"SPIB"	"M2"
"MMP10"	"M1"
"MMRN1"	"M3"
"GBA3"	"M2"
"SCRG1"	"M3"
"GREM2"	"M3"
"TNFRSF13B"	"M2"
"CHGB"	"M2"
"ABCA8"	"M3"
"VGF"	"M1"
"VNN1"	"Not.Correlated"
"TM4SF20"	"Not.Correlated"
"PRSS22"	"M1"
"MYOT"	"M3"
"COMP"	"M4"
"SPRR1A"	"Not.Correlated"
"OSM"	"M4"
"GRM8"	"M1"
"KLK12"	"M1"
"HSPB3"	"Not.Correlated"
"KRT24"	"M3"
"TMOD1"	"M3"
"SLC15A1"	"M2"
"GSTA1"	"Not.Correlated"
"FABP6"	"M1"
"RBP2"	"Not.Correlated"
"SALL4"	"M1"
"PNLIPRP2"	"Not.Correlated"
"AGTR1"	"M3"
"TM4SF4"	"Not.Correlated"
"OTC"	"Not.Correlated"
"PTCHD1"	"M3"
"TACR2"	"M3"
"GNAO1"	"M3"
"WDR72"	"Not.Correlated"
"EDAR"	"M1"
"HSPB7"	"M3"
"IRX2"	"M1"
"TRIM29"	"M1"
"MAP7D2"	"M1"
"SLC35D3"	"M1"
"ABCG2"	"M2"
"AMPD1"	"M2"
"PCSK1"	"Not.Correlated"
"NPY"	"M1"
"PROK2"	"M4"
"CXCL11"	"M1"
"IL1RN"	"M4"
"SCNN1G"	"M2"
"CPS1"	"Not.Correlated"
"NR1H4"	"M2"
"CHRDL2"	"M3"
"NKD1"	"M1"
"MARCO"	"M4"
"NTSR1"	"M3"
"CXCL5"	"M1"
"IL24"	"M1"
"TMEM35"	"M3"
"CXCL6"	"M1"
"COL10A1"	"M4"
"CYP2W1"	"M1"
"PDZRN4"	"M3"
"LEMD1"	"M1"
"KLK7"	"Not.Correlated"
"IL11"	"M1"
"IRX3"	"M1"
"SMYD1"	"M3"
"IGFL2"	"M4"
"IL1A"	"M4"
"SLCO1B3"	"M1"
"HS6ST2"	"M1"
"ZIC2"	"M1"
